#include "hanwool_logo.h"

static const uint16_t hanwool_logo_map[218 * 89] = {
    0xF7BD, 0xF7BD, 0xF7BD, 0xF7BD, 0xF7BD, 0xF7BD, 0xF7BD, 0xF7BD, 0xF7BD, 0xF7BD, 0xF7BD, 0xF7BD,
    0xF7BD, 0xF7BD, 0xF7BD, 0xF7BD, 0xF7BD, 0xF7BD, 0xF7BD, 0xF7BD, 0xF7BD, 0xF7BD, 0xF7BD, 0xF7BD,
    0xF7BD, 0xF7BD, 0xF7BD, 0xF7BD, 0xF7BD, 0xF7BD, 0xF7BD, 0xF7BD, 0xF7BD, 0xF7BD, 0xF7BD, 0xF7BD,
    0xF7BD, 0xF7BD, 0xF7BD, 0xF7BD, 0xF7BD, 0xF7BD, 0xF7BD, 0xF7BD, 0xF7BD, 0xF7BD, 0xF7BD, 0xF7BD,
    0xF7BD, 0xF7BD, 0xF7BD, 0xF7BD, 0xF7BD, 0xF7BD, 0xF7BD, 0xF7BD, 0xF7BD, 0xF7BD, 0xF7BD, 0xF7BD,
    0xF7BD, 0xF7BD, 0xF7BD, 0xF7BD, 0xF7BD, 0xF7BD, 0xF7BD, 0xF7BD, 0xF7BD, 0xF7BD, 0xF7BD, 0xF7BD,
    0xF7BD, 0xF7BD, 0xF7BD, 0xF7BD, 0xF7BD, 0xF7BD, 0xF7BD, 0xF7BD, 0xF7BD, 0xF7BD, 0xF7BD, 0xF7BD,
    0xF7BD, 0xF7BD, 0xF7BD, 0xF7BD, 0xF7BD, 0xF7BD, 0xF7BD, 0xF7BD, 0xF7BD, 0xF7BD, 0xF7BD, 0xF7BD,
    0xF7BD, 0xF7BD, 0xF7BD, 0xF7BD, 0xF7BD, 0xF7BD, 0xF7BD, 0xF7BD, 0xF7BD, 0xF7BD, 0xF7BD, 0xF7BD,
    0xF7BD, 0xF7BD, 0xF7BD, 0xF7BD, 0xF7BD, 0xF7BD, 0xF7BD, 0xF7BD, 0xF7BD, 0xF7BD, 0xF7BD, 0xF7BD,
    0xF7BD, 0xF7BD, 0xF7BD, 0xF7BD, 0xF7BD, 0xF7BD, 0xF7BD, 0xF7BD, 0xF7BD, 0xF7BD, 0xF7BD, 0xF7BD,
    0xF7BD, 0xF7BD, 0xF7BD, 0xF7BD, 0xF7BD, 0xF7BD, 0xF7BD, 0xF7BD, 0xF7BD, 0xF7BD, 0xF7BD, 0xF7BD,
    0xF7BD, 0xF7BD, 0xF7BD, 0xF7BD, 0xF7BD, 0xF7BD, 0xF7BD, 0xF7BD, 0xF7BD, 0xF7BD, 0xF7BD, 0xF7BD,
    0xF7BD, 0xF7BD, 0xF7BD, 0xF7BD, 0xF7BD, 0xF7BD, 0xF7BD, 0xF7BD, 0xF7BD, 0xF7BD, 0xF7BD, 0xF7BD,
    0xF7BD, 0xF7BD, 0xF7BD, 0xF7BD, 0xF7BD, 0xF7BD, 0xF7BD, 0xF7BD, 0xF7BD, 0xF7BD, 0xF7BD, 0xF7BD,
    0xF7BD, 0xF7BD, 0xF7BD, 0xF7BD, 0xF7BD, 0xF7BD, 0xF7BD, 0xF7BD, 0xF7BD, 0xF7BD, 0xF7BD, 0xF7BD,
    0xF7BD, 0xF7BD, 0xF7BD, 0xF7BD, 0xF7BD, 0xF7BD, 0xF7BD, 0xF7BD, 0xF7BD, 0xF7BD, 0xF7BD, 0xF7BD,
    0xF7BD, 0xF7BD, 0xF7BD, 0xF7BD, 0xF7BD, 0xF7BD, 0xF7BD, 0xF7BD, 0xF7BD, 0xF7BD, 0xF7BD, 0xF7BD,
    0xF7BD, 0xF7BD, 0xF7BD, 0xF7BD, 0xF7BD, 0xF7BD, 0xF7BD, 0xF7BD, 0xF7BD, 0xF7BD, 0xF7BD, 0xF7BD,
    0xF7BD, 0xF7BD, 0xF7BD, 0xF7BD, 0xF7BD, 0xF7BD, 0xF7BD, 0xF7BD, 0xF7BD, 0xF7BD, 0xF7BD, 0xF7BD,
    0xF7BD, 0xF7BD, 0xF7BD, 0xF7BD, 0xF7BD, 0xF7BD, 0xF7BD, 0xF7BD, 0xF7BD, 0xF7BD, 0xF7BD, 0xF7BD,
    0xF7BD, 0xF7BD, 0xF7BD, 0xF7BD, 0xF7BD, 0xF7BD, 0xF7BD, 0xF7BD, 0xF7BD, 0xF7BD, 0xF7BD, 0xF7BD,
    0xF7BD, 0xF7BD, 0xF7BD, 0xF7BD, 0xF7BD, 0xF7BD, 0xF7BD, 0xF7BD, 0xF7BD, 0xF7BD, 0xF7BD, 0xF7BD,
    0xF7BD, 0xF7BD, 0xF7BD, 0xF7BD, 0xF7BD, 0xF7BD, 0xF7BD, 0xF7BD, 0xF7BD, 0xF7BD, 0xF7BD, 0xF7BD,
    0xF7BD, 0xF7BD, 0xF7BD, 0xF7BD, 0xF7BD, 0xF7BD, 0xF7BD, 0xF7BD, 0xF7BD, 0xF7BD, 0xF7BD, 0xF7BD,
    0xF7BD, 0xF7BD, 0xF7BD, 0xF7BD, 0xF7BD, 0xF7BD, 0xF7BD, 0xF7BD, 0xF7BD, 0xF7BD, 0xF7BD, 0xF7BD,
    0xF7BD, 0xF7BD, 0xF7BD, 0xF7BD, 0xF7BD, 0xF7BD, 0xF7BD, 0xF7BD, 0xF7BD, 0xF7BD, 0xF7BD, 0xF7BD,
    0xF7BD, 0xF7BD, 0xF7BD, 0xF7BD, 0xF7BD, 0xF7BD, 0xF7BD, 0xF7BD, 0xF7BD, 0xF7BD, 0xF7BD, 0xF7BD,
    0xF7BD, 0xF7BD, 0xF7BD, 0xF7BD, 0xF7BD, 0xF7BD, 0xF7BD, 0xF7BD, 0xF7BD, 0xF7BD, 0xF7BD, 0xF7BD,
    0xF7BD, 0xF7BD, 0xF7BD, 0xF7BD, 0xF7BD, 0xF7BD, 0xF7BD, 0xF7BD, 0xF7BD, 0xF7BD, 0xF7BD, 0xF7BD,
    0xF7BD, 0xF7BD, 0xF7BD, 0xF7BD, 0xF7BD, 0xF7BD, 0xF7BD, 0xF7BD, 0xF7BD, 0xF7BD, 0xF7BD, 0xF7BD,
    0xF7BD, 0xF7BD, 0xF7BD, 0xF7BD, 0xF7BD, 0xF7BD, 0xF7BD, 0xF7BD, 0xF7BD, 0xF7BD, 0xF7BD, 0xF7BD,
    0xF7BD, 0xF7BD, 0xF7BD, 0xF7BD, 0xF7BD, 0xF7BD, 0xF7BD, 0xF7BD, 0xF7BD, 0xF7BD, 0xF7BD, 0xF7BD,
    0xF7BD, 0xF7BD, 0xF7BD, 0xF7BD, 0xF7BD, 0xF7BD, 0xF7BD, 0xF7BD, 0xF7BD, 0xF7BD, 0xF7BD, 0xF7BD,
    0xF7BD, 0xF7BD, 0xF7BD, 0xF7BD, 0xF7BD, 0xF7BD, 0xF7BD, 0xF7BD, 0xF7BD, 0xF7BD, 0xF7BD, 0xF7BD,
    0xF7BD, 0xF7BD, 0xF7BD, 0xF7BD, 0xF7BD, 0xF7BD, 0xF7BD, 0xF7BD, 0xF7BD, 0xF7BD, 0xF7BD, 0xF7BD,
    0xF7BD, 0xF7BD, 0xF7BD, 0xF7BD, 0xF7BD, 0xF7BD, 0xF7BD, 0xF7BD, 0xF7BD, 0xF7BD, 0xF7BD, 0xF7BD,
    0xF7BD, 0xF7BD, 0xF7BD, 0xF7BD, 0xF7BD, 0xF7BD, 0xF7BD, 0xF7BD, 0xF7BD, 0xF7BD, 0xF7BD, 0xF7BD,
    0xF7BD, 0xF7BD, 0xF7BD, 0xF7BD, 0xF7BD, 0xF7BD, 0xF7BD, 0xF7BD, 0xF7BD, 0xF7BD, 0xF7BD, 0xF7BD,
    0xF7BD, 0xF7BD, 0xF7BD, 0xF7BD, 0xF7BD, 0xF7BD, 0xF7BD, 0xF7BD, 0xF7BD, 0xF7BD, 0xF7BD, 0xF7BD,
    0xF7BD, 0xF7BD, 0xF7BD, 0xF7BD, 0xF7BD, 0xF7BD, 0xF7BD, 0xF7BD, 0xF7BD, 0xF7BD, 0xF7BD, 0xF7BD,
    0xF7BD, 0xF7BD, 0xF7BD, 0xF7BD, 0xF7BD, 0xF7BD, 0xF7BD, 0xF7BD, 0xF7BD, 0xF7BD, 0xF7BD, 0xF7BD,
    0xF7BD, 0xF7BD, 0xF7BD, 0xF7BD, 0xF7BD, 0xF7BD, 0xF7BD, 0xF7BD, 0xF7BD, 0xF7BD, 0xF7BD, 0xF7BD,
    0xF7BD, 0xF7BD, 0xF7BD, 0xF7BD, 0xF7BD, 0xF7BD, 0xF7BD, 0xF7BD, 0xF7BD, 0xF7BD, 0xF7BD, 0xF7BD,
    0xF7BD, 0xF7BD, 0xF7BD, 0xF7BD, 0xF7BD, 0xF7BD, 0xF7BD, 0xF7BD, 0xF7BD, 0xF7BD, 0xF7BD, 0xF7BD,
    0xF7BD, 0xF7BD, 0xF7BD, 0xF7BD, 0xF7BD, 0xF7BD, 0xF7BD, 0xF7BD, 0xF7BD, 0xF7BD, 0xF7BD, 0xF7BD,
    0xF7BD, 0xF7BD, 0xF7BD, 0xF7BD, 0xF7BD, 0xF7BD, 0xF7BD, 0xF7BD, 0xF7BD, 0xF7BD, 0xF7BD, 0xF7BD,
    0xF7BD, 0xF7BD, 0xF7BD, 0xF7BD, 0xF7BD, 0xF7BD, 0xF7BD, 0xF7BD, 0xF7BD, 0xF7BD, 0xF7BD, 0xF7BD,
    0xF7BD, 0xF7BD, 0xF7BD, 0xF7BD, 0xF7BD, 0xF7BD, 0xF7BD, 0xF7BD, 0xF7BD, 0xF7BD, 0xF7BD, 0xF7BD,
    0xF7BD, 0xF7BD, 0xF7BD, 0xF7BD, 0xF7BD, 0xF7BD, 0xF7BD, 0xF7BD, 0xF7BD, 0xF7BD, 0xF7BD, 0xF7BD,
    0xF7BD, 0xF7BD, 0xF7BD, 0xF7BD, 0xF7BD, 0xF7BD, 0xF7BD, 0xF7BD, 0xF7BD, 0xF7BD, 0xF7BD, 0xF7BD,
    0xF7BD, 0xF7BD, 0xF7BD, 0xF7BD, 0xF7BD, 0xF7BD, 0xF7BD, 0xF7BD, 0xF7BD, 0xF7BD, 0xF7BD, 0xF7BD,
    0xF7BD, 0xF7BD, 0xF7BD, 0xF7BD, 0xF7BD, 0xF7BD, 0xF7BD, 0xF7BD, 0xF7BD, 0xF7BD, 0xF7BD, 0xF7BD,
    0xF7BD, 0xF7BD, 0xF7BD, 0xF7BD, 0xF7BD, 0xF7BD, 0xF7BD, 0xF7BD, 0xF7BD, 0xF7BD, 0xF7BD, 0xF7BD,
    0xF7BD, 0xF7BD, 0xF7BD, 0xF7BD, 0xF7BD, 0xF7BD, 0xF7BD, 0xF7BD, 0xF7BD, 0xF7BD, 0xF7BD, 0xF7BD,
    0xF7BD, 0xF7BD, 0xF7BD, 0xF7BD, 0xF7BD, 0xF7BD, 0xF7BD, 0xF7BD, 0xF7BD, 0xF7BD, 0xF7BD, 0xF7BD,
    0xF7BD, 0xF7BD, 0xF7BD, 0xF7BD, 0xF7BD, 0xF7BD, 0xF7BD, 0xF7BD, 0xF7BD, 0xF7BD, 0xF7BD, 0xF7BD,
    0xF7BD, 0xF7BD, 0xF7BD, 0xF7BD, 0xF7BD, 0xF7BD, 0xF7BD, 0xF7BD, 0xF7BD, 0xF7BD, 0xF7BD, 0xF7BD,
    0xF7BD, 0xF7BD, 0xF7BD, 0xF7BD, 0xF7BD, 0xF7BD, 0xF7BD, 0xF7BD, 0xF7BD, 0xF7BD, 0xF7BD, 0xF7BD,
    0xF7BD, 0xF7BD, 0xF7BD, 0xF7BD, 0xF7BD, 0xF7BD, 0xF7BD, 0xF7BD, 0xF7BD, 0xF7BD, 0xF7BD, 0xF7BD,
    0xF7BD, 0xF7BD, 0xF7BD, 0xF7BD, 0xF7BD, 0xF7BD, 0xF7BD, 0xF7BD, 0xF7BD, 0xF7BD, 0xF7BD, 0xF7BD,
    0xF7BD, 0xF7BD, 0xF7BD, 0xF7BD, 0xF7BD, 0xF7BD, 0xF7BD, 0xF7BD, 0xF7BD, 0xF7BD, 0xF7BD, 0xF7BD,
    0xF7BD, 0xF7BD, 0xF7BD, 0xF7BD, 0xF7BD, 0xF7BD, 0xF7BD, 0xF7BD, 0xF7BD, 0xF7BD, 0xF7BD, 0xF7BD,
    0xF7BD, 0xF7BD, 0xF7BD, 0xF7BD, 0xF7BD, 0xF7BD, 0xF7BD, 0xF7BD, 0xF7BD, 0xF7BD, 0xF7BD, 0xF7BD,
    0xF7BD, 0xF7BD, 0xF7BD, 0xF7BD, 0xF7BD, 0xF7BD, 0xF7BD, 0xF7BD, 0xF7BD, 0xF7BD, 0xF7BD, 0xF7BD,
    0xF7BD, 0xF7BD, 0xF7BD, 0xF7BD, 0xF7BD, 0xF7BD, 0xF7BD, 0xF7BD, 0xF7BD, 0xF7BD, 0xF7BD, 0xF7BD,
    0xF7BD, 0xF7BD, 0xF7BD, 0xF7BD, 0xF7BD, 0xF7BD, 0xF7BD, 0xF7BD, 0xF7BD, 0xF7BD, 0xF7BD, 0xF7BD,
    0xF7BD, 0xF7BD, 0xF7BD, 0xF7BD, 0xF7BD, 0xF7BD, 0xF7BD, 0xF7BD, 0xF7BD, 0xF7BD, 0xF7BD, 0xF7BD,
    0xF7BD, 0xF7BD, 0xF7BD, 0xF7BD, 0xF7BD, 0xF7BD, 0xF7BD, 0xF7BD, 0xF7BD, 0xF7BD, 0xF7BD, 0xF7BD,
    0xF7BD, 0xF7BD, 0xF7BD, 0xF7BD, 0xF7BD, 0xF7BD, 0xF7BD, 0xF7BD, 0xF7BD, 0xF7BD, 0xF7BD, 0xF7BD,
    0xF7BD, 0xF7BD, 0xF7BD, 0xF7BD, 0xF7BD, 0xF7BD, 0xF7BD, 0xF7BD, 0xF7BD, 0xF7BD, 0xF7BD, 0xF7BD,
    0xF7BD, 0xF7BD, 0xF7BD, 0xF7BD, 0xF7BD, 0xF7BD, 0xF7BD, 0xF7BD, 0xF7BD, 0xF7BD, 0xF7BD, 0xF7BD,
    0xF7BD, 0xF7BD, 0xF7BD, 0xF7BD, 0xF7BD, 0xF7BD, 0xF7BD, 0xF7BD, 0xF7BD, 0xF7BD, 0xF7BD, 0xF7BD,
    0xF7BD, 0xF7BD, 0xF7BD, 0xF7BD, 0xF7BD, 0xF7BD, 0xF7BD, 0xF7BD, 0xF7BD, 0xF7BD, 0xF7BD, 0xF7BD,
    0xF7BD, 0xF7BD, 0xF7BD, 0xF7BD, 0xF7BD, 0xF7BD, 0xF7BD, 0xF7BD, 0xF7BD, 0xF7BD, 0xF7BD, 0xF7BD,
    0xF7BD, 0xF7BD, 0xF7BD, 0xF7BD, 0xF7BD, 0xF7BD, 0xF7BD, 0xF7BD, 0xF7BD, 0xF7BD, 0xF7BD, 0xF7BD,
    0xF7BD, 0xF7BD, 0xF7BD, 0xF7BD, 0xF7BD, 0xF7BD, 0xF7BD, 0xF7BD, 0xF7BD, 0xF7BD, 0xF7BD, 0xF7BD,
    0xF7BD, 0xF7BD, 0xF7BD, 0xF7BD, 0xF7BD, 0xF7BD, 0xF7BD, 0xF7BD, 0xF7BD, 0xF7BD, 0xF7BD, 0xF7BD,
    0xF7BD, 0xF7BD, 0xF7BD, 0xF7BD, 0xF7BD, 0xF7BD, 0xF7BD, 0xF7BD, 0xF7BD, 0xF7BD, 0xF7BD, 0xF7BD,
    0xF7BD, 0xF7BD, 0xF7BD, 0xF7BD, 0xF7BD, 0xF7BD, 0xF7BD, 0xF7BD, 0xF7BD, 0xF7BD, 0xF7BD, 0xF7BD,
    0xF7BD, 0xF7BD, 0xF7BD, 0xF7BD, 0xF7BD, 0xF7BD, 0xF7BD, 0xF7BD, 0xF7BD, 0xF7BD, 0xF7BD, 0xF7BD,
    0xF7BD, 0xF7BD, 0xF7BD, 0xF7BD, 0xF7BD, 0xF7BD, 0xF7BD, 0xF7BD, 0xF7BD, 0xF7BD, 0xF7BD, 0xF7BD,
    0xF7BD, 0xF7BD, 0xF7BD, 0xF7BD, 0xF7BD, 0xF7BD, 0xF7BD, 0xF7BD, 0xF7BD, 0xF7BD, 0xF7BD, 0xF7BD,
    0xF7BD, 0xF7BD, 0xF7BD, 0xF7BD, 0xF7BD, 0xF7BD, 0xF7BD, 0xF7BD, 0xF7BD, 0xF7BD, 0xF7BD, 0xF7BD,
    0xF7BD, 0xF7BD, 0xF7BD, 0xF7BD, 0xF7BD, 0xF7BD, 0xF7BD, 0xF7BD, 0xF7BD, 0xF7BD, 0xF7BD, 0xF7BD,
    0xF7BD, 0xF7BD, 0xF7BD, 0xF7BD, 0xF7BD, 0xF7BD, 0xF7BD, 0xF7BD, 0xF7BD, 0xF7BD, 0xF7BD, 0xF7BD,
    0xF7BD, 0xF7BD, 0xF7BD, 0xF7BD, 0xF7BD, 0xF7BD, 0xF7BD, 0xF7BD, 0xF7BD, 0xF7BD, 0xF7BD, 0xF7BD,
    0xF7BD, 0xF7BD, 0xF7BD, 0xF7BD, 0xF7BD, 0xF7BD, 0xF7BD, 0xF7BD, 0xF7BD, 0xF7BD, 0xF7BD, 0xF7BD,
    0xF7BD, 0xF7BD, 0xF7BD, 0xF7BD, 0xF7BD, 0xF7BD, 0xF7BD, 0xF7BD, 0xF7BD, 0xF7BD, 0xF7BD, 0xF7BD,
    0xF7BD, 0xF7BD, 0xF7BD, 0xF7BD, 0xF7BD, 0xF7BD, 0xF7BD, 0xF7BD, 0xF7BD, 0xF7BD, 0xF7BD, 0xF7BD,
    0xF7BD, 0xF7BD, 0xF7BD, 0xF7BD, 0xF7BD, 0xF7BD, 0xF7BD, 0xF7BD, 0xF7BD, 0xF7BD, 0xF7BD, 0xF7BD,
    0xF7BD, 0xF7BD, 0xF7BD, 0xF7BD, 0xF7BD, 0xF7BD, 0xF7BD, 0xF7BD, 0xF7BD, 0xF7BD, 0xF7BD, 0xF7BD,
    0xF7BD, 0xF7BD, 0xF7BD, 0xF7BD, 0xF7BD, 0xF7BD, 0xF7BD, 0xF7BD, 0xF7BD, 0xF7BD, 0xF7BD, 0xF7BD,
    0xF7BD, 0xF7BD, 0xF7BD, 0xF7BD, 0xF7BD, 0xF7BD, 0xF7BD, 0xF7BD, 0xF7BD, 0xF7BD, 0xF7BD, 0xF7BD,
    0xF7BD, 0xF7BD, 0xF7BD, 0xF7BD, 0xF7BD, 0xF7BD, 0xF7BD, 0xF7BD, 0xF7BD, 0xF7BD, 0xF7BD, 0xF7BD,
    0xF7BD, 0xF7BD, 0xF7BD, 0xF7BD, 0xF7BD, 0xF7BD, 0xF7BD, 0xF7BD, 0xF7BD, 0xF7BD, 0xF7BD, 0xF7BD,
    0xF7BD, 0xF7BD, 0xF7BD, 0xF7BD, 0xF7BD, 0xF7BD, 0xF7BD, 0xF7BD, 0xF7BD, 0xF7BD, 0xF7BD, 0xF7BD,
    0xF7BD, 0xF7BD, 0xF7BD, 0xF7BD, 0xF7BD, 0xF7BD, 0xF7BD, 0xF7BD, 0xF7BD, 0xF7BD, 0xF7BD, 0xF7BD,
    0xF7BD, 0xF7BD, 0xF7BD, 0xF7BD, 0xF7BD, 0xF7BD, 0xF7BD, 0xF7BD, 0xF7BD, 0xF7BD, 0xF7BD, 0xF7BD,
    0xF7BD, 0xF7BD, 0xF7BD, 0xF7BD, 0xF7BD, 0xF7BD, 0xF7BD, 0xF7BD, 0xF7BD, 0xF7BD, 0xF7BD, 0xF7BD,
    0xF7BD, 0xF7BD, 0xF7BD, 0xF7BD, 0xF7BD, 0xF7BD, 0xF7BD, 0xF7BD, 0xF7BD, 0xF7BD, 0xF7BD, 0xF7BD,
    0xF7BD, 0xF7BD, 0xF7BD, 0xF7BD, 0xF7BD, 0xF7BD, 0xF7BD, 0xF7BD, 0xF7BD, 0xF7BD, 0xF7BD, 0xF7BD,
    0xF7BD, 0xF7BD, 0xF7BD, 0xF7BD, 0xF7BD, 0xF7BD, 0xF7BD, 0xF7BD, 0xF7BD, 0xF7BD, 0xF7BD, 0xF7BD,
    0xF7BD, 0xF7BD, 0xF7BD, 0xF7BD, 0xF7BD, 0xF7BD, 0xF7BD, 0xF7BD, 0xF7BD, 0xF7BD, 0xF7BD, 0xF7BD,
    0xF7BD, 0xF7BD, 0xF7BD, 0xF7BD, 0xF7BD, 0xF7BD, 0xF7BD, 0xF7BD, 0xF7BD, 0xF7BD, 0xF7BD, 0xF7BD,
    0xF7BD, 0xF7BD, 0xF7BD, 0xF7BD, 0xF7BD, 0xF7BD, 0xF7BD, 0xF7BD, 0xF7BD, 0xF7BD, 0xF7BD, 0xF7BD,
    0xF7BD, 0xF7BD, 0xF7BD, 0xF7BD, 0xF7BD, 0xF7BD, 0xF7BD, 0xF7BD, 0xF7BD, 0xF7BD, 0xF7BD, 0xF7BD,
    0xF7BD, 0xF7BD, 0xF7BD, 0xF7BD, 0xF7BD, 0xF7BD, 0xF7BD, 0xF7BD, 0xF7BD, 0xF7BD, 0xF7BD, 0xF7BD,
    0xF7BD, 0xF7BD, 0xF7BD, 0xF7BD, 0xF7BD, 0xF7BD, 0xF7BD, 0xF7BD, 0xF7BD, 0xF7BD, 0xF7BD, 0xF7BD,
    0xF7BD, 0xF7BD, 0xF7BD, 0xF7BD, 0xF7BD, 0xF7BD, 0xF7BD, 0xF7BD, 0xF7BD, 0xF7BD, 0xF7BD, 0xF7BD,
    0xF7BD, 0xF7BD, 0xF7BD, 0xF7BD, 0xF7BD, 0xF7BD, 0xF7BD, 0xF7BD, 0xF7BD, 0xF7BD, 0xF7BD, 0xF7BD,
    0xF7BD, 0xF7BD, 0xF7BD, 0xF7BD, 0xF7BD, 0xF7BD, 0xF7BD, 0xF7BD, 0xF7BD, 0xF7BD, 0xF7BD, 0xF7BD,
    0xF7BD, 0xF7BD, 0xF7BD, 0xF7BD, 0xF7BD, 0xF7BD, 0xF7BD, 0xF7BD, 0xF7BD, 0xF7BD, 0xF7BD, 0xF7BD,
    0xF7BD, 0xF7BD, 0xF7BD, 0xF7BD, 0xF7BD, 0xF7BD, 0xF7BD, 0xF7BD, 0xF7BD, 0xF7BD, 0xF7BD, 0xF7BD,
    0xF7BD, 0xF7BD, 0xF7BD, 0xF7BD, 0xF7BD, 0xF7BD, 0xF7BD, 0xF7BD, 0xF7BD, 0xF7BD, 0xF7BD, 0xF7BD,
    0xF7BD, 0xF7BD, 0xF7BD, 0xF7BD, 0xF7BD, 0xF7BD, 0xF7BD, 0xF7BD, 0xF7BD, 0xF7BD, 0xF7BD, 0xF7BD,
    0xF7BD, 0xF7BD, 0xF7BD, 0xF7BD, 0xF7BD, 0xF7BD, 0xF7BD, 0xF7BD, 0xF7BD, 0xF7BD, 0xF7BD, 0xF7BD,
    0xF7BD, 0xF7BD, 0xF7BD, 0xF7BD, 0xF7BD, 0xF7BD, 0xF7BD, 0xF7BD, 0xF7BD, 0xF7BD, 0xF7BD, 0xF7BD,
    0xF7BD, 0xF7BD, 0xF7BD, 0xF7BD, 0xF7BD, 0xF7BD, 0xF7BD, 0xF7BD, 0xF7BD, 0xF7BD, 0xF7BD, 0xF7BD,
    0xF7BD, 0xF7BD, 0xF7BD, 0xF7BD, 0xF7BD, 0xF7BD, 0xF7BD, 0xF7BD, 0xF7BD, 0xF7BD, 0xF7BD, 0xF7BD,
    0xF7BD, 0xF7BD, 0xF7BD, 0xF7BD, 0xF7BD, 0xF7BD, 0xF7BD, 0xF7BD, 0xF7BD, 0xF7BD, 0xF7BD, 0xF7BD,
    0xF7BD, 0xF7BD, 0xF7BD, 0xF7BD, 0xF7BD, 0xF7BD, 0xF7BD, 0xF7BD, 0xF7BD, 0xF7BD, 0xF7BD, 0xF7BD,
    0xF7BD, 0xF7BD, 0xF7BD, 0xF7BD, 0xF7BD, 0xF7BD, 0xF7BD, 0xF7BD, 0xF7BD, 0xF7BD, 0xF7BD, 0xF7BD,
    0xF7BD, 0xF7BD, 0xF7BD, 0xF7BD, 0xF7BD, 0xF7BD, 0xF7BD, 0xF7BD, 0xF7BD, 0xF7BD, 0xF7BD, 0xF7BD,
    0xF7BD, 0xF7BD, 0xF7BD, 0xF7BD, 0xF7BD, 0xF7BD, 0xF7BD, 0xF7BD, 0xF7BD, 0xF7BD, 0xF7BD, 0xF7BD,
    0xF7BD, 0xF7BD, 0xF7BD, 0xF7BD, 0xF7BD, 0xF7BD, 0xF7BD, 0xF7BD, 0xF7BD, 0xF7BD, 0xF7BD, 0xF7BD,
    0xF7BD, 0xF7BD, 0xF7BD, 0xF7BD, 0xF7BD, 0xF7BD, 0xF7BD, 0xF7BD, 0xF7BD, 0xF7BD, 0xF7BD, 0xF7BD,
    0xF7BD, 0xF7BD, 0xF7BD, 0xF7BD, 0xF7BD, 0xF7BD, 0xF7BD, 0xF7BD, 0xF7BD, 0xF7BD, 0xF7BD, 0xF7BD,
    0xF7BD, 0xF7BD, 0xF7BD, 0xF7BD, 0xF7BD, 0xF7BD, 0xF7BD, 0xF7BD, 0xF7BD, 0xF7BD, 0xF7BD, 0xF7BD,
    0xF7BD, 0xF7BD, 0xF7BD, 0xF7BD, 0xF7BD, 0xF7BD, 0xF7BD, 0xF7BD, 0xF7BD, 0xF7BD, 0xF7BD, 0xF7BD,
    0xF7BD, 0xF7BD, 0xF7BD, 0xF7BD, 0xF7BD, 0xF7BD, 0xF7BD, 0xF7BD, 0xF7BD, 0xF7BD, 0xF7BD, 0xF7BD,
    0xF7BD, 0xF7BD, 0xF7BD, 0xF7BD, 0xF7BD, 0xF7BD, 0xF7BD, 0xF7BD, 0xF7BD, 0xF7BD, 0xF7BD, 0xF7BD,
    0xF7BD, 0xF7BD, 0xF7BD, 0xF7BD, 0xF7BD, 0xF7BD, 0xF7BD, 0xF7BD, 0xF7BD, 0xF7BD, 0xF7BD, 0xF7BD,
    0xF7BD, 0xF7BD, 0xF7BD, 0xF7BD, 0xF7BD, 0xF7BD, 0xF7BD, 0xF7BD, 0xF7BD, 0xF7BD, 0xF7BD, 0xF7BD,
    0xF7BD, 0xF7BD, 0xF7BD, 0xF7BD, 0xF7BD, 0xF7BD, 0xF7BD, 0xF7BD, 0xF7BD, 0xF7BD, 0xF7BD, 0xF7BD,
    0xF7BD, 0xF7BD, 0xF7BD, 0xF7BD, 0xF7BD, 0xF7BD, 0xF7BD, 0xF7BD, 0xF7BD, 0xF7BD, 0xF7BD, 0xF7BD,
    0xF7BD, 0xF7BD, 0xF7BD, 0xF7BD, 0xF7BD, 0xF7BD, 0xF7BD, 0xF7BD, 0xF7BD, 0xF7BD, 0xF7BD, 0xF7BD,
    0xF7BD, 0xF7BD, 0xF7BD, 0xF7BD, 0xF7BD, 0xF7BD, 0xF7BD, 0xF7BD, 0xF7BD, 0xF7BD, 0xF7BD, 0xF7BD,
    0xF7BD, 0xF7BD, 0xF7BD, 0xF7BD, 0xF7BD, 0xF7BD, 0xF7BD, 0xF7BD, 0xF7BD, 0xF7BD, 0xF7BD, 0xF7BD,
    0xF7BD, 0xF7BD, 0xF7BD, 0xF7BD, 0xF7BD, 0xF7BD, 0xF7BD, 0xF7BD, 0xF7BD, 0xF7BD, 0xF7BD, 0xF7BD,
    0xF7BD, 0xF7BD, 0xF7BD, 0xF7BD, 0xF7BD, 0xF7BD, 0xF7BD, 0xF7BD, 0xF7BD, 0xF7BD, 0xF7BD, 0xF7BD,
    0xF7BD, 0xF7BD, 0xF7BD, 0xF7BD, 0xF7BD, 0xF7BD, 0xF7BD, 0xF7BD, 0xF7BD, 0xF7BD, 0xF7BD, 0xF7BD,
    0xF7BD, 0xF7BD, 0xF7BD, 0xF7BD, 0xF7BD, 0xF7BD, 0xF7BD, 0xF7BD, 0xF7BD, 0xF7BD, 0xF7BD, 0xF7BD,
    0xF7BD, 0xF7BD, 0xF7BD, 0xF7BD, 0xF7BD, 0xF7BD, 0xF7BD, 0xF7BD, 0xF7BD, 0xF7BD, 0xF7BD, 0xF7BD,
    0xF7BD, 0xF7BD, 0xF7BD, 0xF7BD, 0xF7BD, 0xF7BD, 0xF7BD, 0xF7BD, 0xF7BD, 0xF7BD, 0xF7BD, 0xF7BD,
    0xF7BD, 0xF7BD, 0xF7BD, 0xF7BD, 0xF7BD, 0xF7BD, 0xF7BD, 0xF7BD, 0xF7BD, 0xF7BD, 0xF7BD, 0xF7BD,
    0xF7BD, 0xF7BD, 0xF7BD, 0xF7BD, 0xF7BD, 0xF7BD, 0xF7BD, 0xF7BD, 0xF7BD, 0xF7BD, 0xF7BD, 0xF7BD,
    0xF7BD, 0xF7BD, 0xF7BD, 0xF7BD, 0xF7BD, 0xF7BD, 0xF7BD, 0xF7BD, 0xF7BD, 0xF7BD, 0xF7BD, 0xF7BD,
    0xF7BD, 0xF7BD, 0xF7BD, 0xF7BD, 0xF7BD, 0xF7BD, 0xF7BD, 0xF7BD, 0xF7BD, 0xF7BD, 0xF7BD, 0xF7BD,
    0xF7BD, 0xF7BD, 0xF7BD, 0xF7BD, 0xF7BD, 0xF7BD, 0xF7BD, 0xF7BD, 0xF7BD, 0xF7BD, 0xF7BD, 0xF7BD,
    0xF7BD, 0xF7BD, 0xF7BD, 0xF7BD, 0xF7BD, 0xF7BD, 0xF7BD, 0xF7BD, 0xF7BD, 0xF7BD, 0xF7BD, 0xF7BD,
    0xF7BD, 0xF7BD, 0xF7BD, 0xF7BD, 0xF7BD, 0xF7BD, 0xF7BD, 0xF7BD, 0xF7BD, 0xF7BD, 0xF7BD, 0xF7BD,
    0xF7BD, 0xF7BD, 0xF7BD, 0xF7BD, 0xF7BD, 0xF7BD, 0xF7BD, 0xF7BD, 0xF7BD, 0xF7BD, 0xF7BD, 0xF7BD,
    0xF7BD, 0xF7BD, 0xF7BD, 0xF7BD, 0xF7BD, 0xF7BD, 0xF7BD, 0xF7BD, 0xF7BD, 0xF7BD, 0xF7BD, 0xF7BD,
    0xF7BD, 0xF7BD, 0xF7BD, 0xF7BD, 0xF7BD, 0xF7BD, 0xF7BD, 0xF7BD, 0xF7BD, 0xF7BD, 0xF7BD, 0xF7BD,
    0xF7BD, 0xF7BD, 0xF7BD, 0xF7BD, 0xF7BD, 0xF7BD, 0xF7BD, 0xF7BD, 0xF7BD, 0xF7BD, 0xF7BD, 0xF7BD,
    0xF7BD, 0xF7BD, 0xF7BD, 0xF7BD, 0xF7BD, 0xF7BD, 0xF7BD, 0xF7BD, 0xF7BD, 0xF7BD, 0xF7BD, 0xF7BD,
    0xF7BD, 0xF7BD, 0xF7BD, 0xF7BD, 0xF7BD, 0xF7BD, 0xF7BD, 0xF7BD, 0xF7BD, 0xF7BD, 0xF7BD, 0xF7BD,
    0xF7BD, 0xF7BD, 0xF7BD, 0xF7BD, 0xF7BD, 0xF7BD, 0xF7BD, 0xF7BD, 0xF7BD, 0xF7BD, 0xF7BD, 0xF7BD,
    0xF7BD, 0xF7BD, 0xF7BD, 0xF7BD, 0xF7BD, 0xF7BD, 0xF7BD, 0xF7BD, 0xF7BD, 0xF7BD, 0xF7BD, 0xF7BD,
    0xF7BD, 0xF7BD, 0xF7BD, 0xF7BD, 0xF7BD, 0xF7BD, 0xF7BD, 0xF7BD, 0xF7BD, 0xF7BD, 0xF7BD, 0xF7BD,
    0xF7BD, 0xF7BD, 0xF7BD, 0xF7BD, 0xF7BD, 0xF7BD, 0xF7BD, 0xF7BD, 0xF7BD, 0xF7BD, 0xF7BD, 0xF7BD,
    0xF7BD, 0xF7BD, 0xF7BD, 0xF7BD, 0xF7BD, 0xF7BD, 0xF7BD, 0xF7BD, 0xF7BD, 0xF7BD, 0xF7BD, 0xF7BD,
    0xF7BD, 0xF7BD, 0xF7BD, 0xF7BD, 0xF7BD, 0xF7BD, 0xF7BD, 0xF7BD, 0xF7BD, 0xF7BD, 0xF7BD, 0xF7BD,
    0xF7BD, 0xF7BD, 0xF7BD, 0xF7BD, 0xF7BD, 0xF7BD, 0xF7BD, 0xF7BD, 0xF7BD, 0xF7BD, 0xF7BD, 0xF7BD,
    0xF7BD, 0xF7BD, 0xF7BD, 0xF7BD, 0xF7BD, 0xF7BD, 0xF7BD, 0xF7BD, 0xF7BD, 0xF7BD, 0xF7BD, 0xF7BD,
    0xF7BD, 0xF7BD, 0xF7BD, 0xF7BD, 0xF7BD, 0xF7BD, 0xF7BD, 0xF7BD, 0xF7BD, 0xF7BD, 0xF7BD, 0xF7BD,
    0xF7BD, 0xF7BD, 0xF7BD, 0xF7BD, 0xF7BD, 0xF7BD, 0xF7BD, 0xF7BD, 0xF7BD, 0xF7BD, 0xF7BD, 0xF7BD,
    0xF7BD, 0xF7BD, 0xF7BD, 0xF7BD, 0xF7BD, 0xF7BD, 0xF7BD, 0xF7BD, 0xF7BD, 0xF7BD, 0xF7BD, 0xF7BD,
    0xF7BD, 0xF7BD, 0xF7BD, 0xF7BD, 0xF7BD, 0xF7BD, 0xF7BD, 0xF7BD, 0xF7BD, 0xF7BD, 0xF7BD, 0xF7BD,
    0xF7BD, 0xF7BD, 0xF7BD, 0xF7BD, 0xF7BD, 0xF7BD, 0xF7BD, 0xF7BD, 0xF7BD, 0xF7BD, 0xF7BD, 0xF7BD,
    0xF7BD, 0xF7BD, 0xF7BD, 0xF7BD, 0xF7BD, 0xF7BD, 0xF7BD, 0xF7BD, 0xF7BD, 0xF7BD, 0xF7BD, 0xF7BD,
    0xF7BD, 0xF7BD, 0xF7BD, 0xF7BD, 0xF7BD, 0xF7BD, 0xF7BD, 0xF7BD, 0xF7BD, 0xF7BD, 0xF7BD, 0xF7BD,
    0xF7BD, 0xF7BD, 0xF7BD, 0xF7BD, 0xF7BD, 0xF7BD, 0xF7BD, 0xF7BD, 0xF7BD, 0xF7BD, 0xF7BD, 0xF7BD,
    0xF7BD, 0xF7BD, 0xF7BD, 0xF7BD, 0xF7BD, 0xF7BD, 0xF7BD, 0xF7BD, 0xF7BD, 0xF7BD, 0xF7BD, 0xF7BD,
    0xF7BD, 0xF7BD, 0xF7BD, 0xF7BD, 0xF7BD, 0xF7BD, 0xF7BD, 0xF7BD, 0xF7BD, 0xF7BD, 0xF7BD, 0xF7BD,
    0xF7BD, 0xF7BD, 0xF7BD, 0xF7BD, 0xF7BD, 0xF7BD, 0xF7BD, 0xF7BD, 0xF7BD, 0xF7BD, 0xF7BD, 0xF7BD,
    0xF7BD, 0xF7BD, 0xF7BD, 0xF7BD, 0xF7BD, 0xF7BD, 0xF7BD, 0xF7BD, 0xF7BD, 0xF7BD, 0xF7BD, 0xF7BD,
    0xF7BD, 0xF7BD, 0xF7BD, 0xF7BD, 0xF7BD, 0xF7BD, 0xF7BD, 0xF7BD, 0xF7BD, 0xF7BD, 0xF7BD, 0xF7BD,
    0xF7BD, 0xF7BD, 0xF7BD, 0xF7BD, 0xF7BD, 0xF7BD, 0xF7BD, 0xF7BD, 0xF7BD, 0xF7BD, 0xF7BD, 0xF7BD,
    0xF7BD, 0xF7BD, 0xF7BD, 0xF7BD, 0xF7BD, 0xF7BD, 0xF7BD, 0xF7BD, 0xF7BD, 0xF7BD, 0xF7BD, 0xF7BD,
    0xF7BD, 0xF7BD, 0xF7BD, 0xF7BD, 0xF7BD, 0xF7BD, 0xF7BD, 0xF7BD, 0xF7BD, 0xF7BD, 0xF7BD, 0xF7BD,
    0xF7BD, 0xF7BD, 0xF7BD, 0xF7BD, 0xF7BD, 0xF7BD, 0xF7BD, 0xF7BD, 0xF7BD, 0xF7BD, 0xF7BD, 0xF7BD,
    0xF7BD, 0xF7BD, 0xF7BD, 0xF7BD, 0xF7BD, 0xF7BD, 0xF7BD, 0xF7BD, 0xF7BD, 0xF7BD, 0xF7BD, 0xF7BD,
    0xF7BD, 0xF7BD, 0xF7BD, 0xF7BD, 0xF7BD, 0xF7BD, 0xF7BD, 0xF7BD, 0xF7BD, 0xF7BD, 0xF7BD, 0xF7BD,
    0xF7BD, 0xF7BD, 0xF7BD, 0xF7BD, 0xF7BD, 0xF7BD, 0xF7BD, 0xF7BD, 0xF7BD, 0xF7BD, 0xF7BD, 0xF7BD,
    0xF7BD, 0xF7BD, 0xF7BD, 0xF7BD, 0xF7BD, 0xF7BD, 0xF7BD, 0xF7BD, 0xF7BD, 0xF7BD, 0xF7BD, 0xF7BD,
    0xF7BD, 0xF7BD, 0xF7BD, 0xF7BD, 0xF7BD, 0xF7BD, 0xF7BD, 0xF7BD, 0xF7BD, 0xF7BD, 0xF7BD, 0xF7BD,
    0xF7BD, 0xF7BD, 0xF7BD, 0xF7BD, 0xF7BD, 0xF7BD, 0xF7BD, 0xF7BD, 0xF7BD, 0xF7BD, 0xF7BD, 0xF7BD,
    0xF7BD, 0xF7BD, 0xF7BD, 0xF7BD, 0xF7BD, 0xF7BD, 0xF7BD, 0xF7BD, 0xF7BD, 0xF7BD, 0xF7BD, 0xF7BD,
    0xF7BD, 0xF7BD, 0xF7BD, 0xF7BD, 0xF7BD, 0xF7BD, 0xF7BD, 0xF7BD, 0xF7BD, 0xF7BD, 0xF7BD, 0xF7BD,
    0xF7BD, 0xF7BD, 0xF7BD, 0xF7BD, 0xF7BD, 0xF7BD, 0xF7BD, 0xF7BD, 0xF7BD, 0xF7BD, 0xF7BD, 0xF7BD,
    0xF7BD, 0xF7BD, 0xF7BD, 0xF7BD, 0xF7BD, 0xF7BD, 0xF7BD, 0xF7BD, 0xF7BD, 0xF7BD, 0xF7BD, 0xF7BD,
    0xF7BD, 0xF7BD, 0xF7BD, 0xF7BD, 0xF7BD, 0xF7BD, 0xF7BD, 0xF7BD, 0xF7BD, 0xF7BD, 0xF7BD, 0xF7BD,
    0xF7BD, 0xF7BD, 0xF7BD, 0xF7BD, 0xF7BD, 0xF7BD, 0xF7BD, 0xF7BD, 0xF7BD, 0xF7BD, 0xF7BD, 0xF7BD,
    0xF7BD, 0xF7BD, 0xF7BD, 0xF7BD, 0xF7BD, 0xF7BD, 0xF7BD, 0xF7BD, 0xF7BD, 0xF7BD, 0xF7BD, 0xF7BD,
    0xF7BD, 0xF7BD, 0xF7BD, 0xF7BD, 0xF7BD, 0xF7BD, 0xF7BD, 0xF7BD, 0xF7BD, 0xF7BD, 0xF7BD, 0xF7BD,
    0xF7BD, 0xF7BD, 0xF7BD, 0xF7BD, 0xF7BD, 0xF7BD, 0xF7BD, 0xF7BD, 0xF7BD, 0xF7BD, 0xF7BD, 0xF7BD,
    0xF7BD, 0xF7BD, 0xF7BD, 0xF7BD, 0xF7BD, 0xF7BD, 0xF7BD, 0xF7BD, 0xF7BD, 0xF7BD, 0xF7BD, 0xF7BD,
    0xF7BD, 0xF7BD, 0xF7BD, 0xF7BD, 0xF7BD, 0xF7BD, 0xF7BD, 0xF7BD, 0xF7BD, 0xF7BD, 0xF7BD, 0xF7BD,
    0xF7BD, 0xF7BD, 0xF7BD, 0xF7BD, 0xF7BD, 0xF7BD, 0xF7BD, 0xF7BD, 0xF7BD, 0xF7BD, 0xF7BD, 0xF7BD,
    0xF7BD, 0xF7BD, 0xF7BD, 0xF7BD, 0xF7BD, 0xF7BD, 0xF7BD, 0xF7BD, 0xF7BD, 0xF7BD, 0xF7BD, 0xF7BD,
    0xF7BD, 0xF7BD, 0xF7BD, 0xF7BD, 0xF7BD, 0xF7BD, 0xF7BD, 0xF7BD, 0xF7BD, 0xF7BD, 0xF7BD, 0xF7BD,
    0xF7BD, 0xF7BD, 0xF7BD, 0xF7BD, 0xF7BD, 0xF7BD, 0xF7BD, 0xF7BD, 0xF7BD, 0xF7BD, 0xF7BD, 0xF7BD,
    0xF7BD, 0xF7BD, 0xF7BD, 0xF7BD, 0xF7BD, 0xF7BD, 0xF7BD, 0xF7BD, 0xF7BD, 0xF7BD, 0xF7BD, 0xF7BD,
    0xF7BD, 0xF7BD, 0xF7BD, 0xF7BD, 0xF7BD, 0xF7BD, 0xF7BD, 0xF7BD, 0xF7BD, 0xF7BD, 0xF7BD, 0xF7BD,
    0xF7BD, 0xF7BD, 0xF7BD, 0xF7BD, 0xF7BD, 0xF7BD, 0xF7BD, 0xF7BD, 0xF7BD, 0xF7BD, 0xF7BD, 0xF7BD,
    0xF7BD, 0xF7BD, 0xF7BD, 0xF7BD, 0xF7BD, 0xF7BD, 0xF7BD, 0xF7BD, 0xF7BD, 0xF7BD, 0xF7BD, 0xF7BD,
    0xF7BD, 0xF7BD, 0xF7BD, 0xF7BD, 0xF7BD, 0xF7BD, 0xF7BD, 0xF7BD, 0xF7BD, 0xF7BD, 0xF7BD, 0xF7BD,
    0xF7BD, 0xF7BD, 0xF7BD, 0xF7BD, 0xF7BD, 0xF7BD, 0xF7BD, 0xF7BD, 0xF7BD, 0xF7BD, 0xF7BD, 0xF7BD,
    0xF7BD, 0xF7BD, 0xF7BD, 0xF7BD, 0xF7BD, 0xF7BD, 0xF7BD, 0xF7BD, 0xF7BD, 0xF7BD, 0xF7BD, 0xF7BD,
    0xF7BD, 0xF7BD, 0xF7BD, 0xF7BD, 0xF7BD, 0xF7BD, 0xF7BD, 0xF7BD, 0xF7BD, 0xF7BD, 0xF7BD, 0xF7BD,
    0xF7BD, 0xF7BD, 0xF7BD, 0xF7BD, 0xF7BD, 0xF7BD, 0xF7BD, 0xF7BD, 0xF7BD, 0xF7BD, 0xF7BD, 0xF7BD,
    0xF7BD, 0xF7BD, 0xF7BD, 0xF7BD, 0xF7BD, 0xF7BD, 0xF7BD, 0xF7BD, 0xF7BD, 0xF7BD, 0xF7BD, 0xF7BD,
    0xF7BD, 0xF7BD, 0xF7BD, 0xF7BD, 0xF7BD, 0xF7BD, 0xF7BD, 0xF7BD, 0xF7BD, 0xF7BD, 0xF7BD, 0xF7BD,
    0xF7BD, 0xF7BD, 0xF7BD, 0xF7BD, 0xF7BD, 0xF7BD, 0xF7BD, 0xF7BD, 0xF7BD, 0xF7BD, 0xF7BD, 0xF7BD,
    0xF7BD, 0xF7BD, 0xF7BD, 0xF7BD, 0xF7BD, 0xF7BD, 0xF7BD, 0xF7BD, 0xF7BD, 0xF7BD, 0xF7BD, 0xF7BD,
    0xF7BD, 0xF7BD, 0xF7BD, 0xF7BD, 0xF7BD, 0xF7BD, 0xF7BD, 0xF7BD, 0xF7BD, 0xF7BD, 0xF7BD, 0xF7BD,
    0xF7BD, 0xF7BD, 0xF7BD, 0xF7BD, 0xF7BD, 0xF7BD, 0xF7BD, 0xF7BD, 0xF7BD, 0xF7BD, 0xF7BD, 0xF7BD,
    0xF7BD, 0xF7BD, 0xF7BD, 0xF7BD, 0xF7BD, 0xF7BD, 0xF7BD, 0xF7BD, 0xF7BD, 0xF7BD, 0xF7BD, 0xF7BD,
    0xF7BD, 0xF7BD, 0xF7BD, 0xF7BD, 0xF7BD, 0xF7BD, 0xF7BD, 0xF7BD, 0xF7BD, 0xF7BD, 0xF7BD, 0xF7BD,
    0xF7BD, 0xF7BD, 0xF7BD, 0xF7BD, 0xF7BD, 0xF7BD, 0xF7BD, 0xF7BD, 0xF7BD, 0xF7BD, 0xF7BD, 0xF7BD,
    0xF7BD, 0xF7BD, 0xF7BD, 0xF7BD, 0xF7BD, 0xF7BD, 0xF7BD, 0xF7BD, 0xF7BD, 0xF7BD, 0xF7BD, 0xF7BD,
    0xF7BD, 0xF7BD, 0xF7BD, 0xF7BD, 0xF7BD, 0xF7BD, 0xF7BD, 0xF7BD, 0xF7BD, 0xF7BD, 0xF7BD, 0xF7BD,
    0xF7BD, 0xF7BD, 0xF7BD, 0xF7BD, 0xF7BD, 0xF7BD, 0xF7BD, 0xF7BD, 0xF7BD, 0xF7BD, 0xF7BD, 0xF7BD,
    0xF7BD, 0xF7BD, 0xF7BD, 0xF7BD, 0xF7BD, 0xF7BD, 0xF7BD, 0xF7BD, 0xF7BD, 0xF7BD, 0xF7BD, 0xF7BD,
    0xF7BD, 0xF7BD, 0xF7BD, 0xF7BD, 0xF7BD, 0xF7BD, 0xF7BD, 0xF7BD, 0xF7BD, 0xF7BD, 0xF7BD, 0xF7BD,
    0xF7BD, 0xF7BD, 0xF7BD, 0xF7BD, 0xF7BD, 0xF7BD, 0xF7BD, 0xF7BD, 0xF7BD, 0xF7BD, 0xF7BD, 0xF7BD,
    0xF7BD, 0xF7BD, 0xF7BD, 0xF7BD, 0xF7BD, 0xF7BD, 0xF7BD, 0xF7BD, 0xF7BD, 0xF7BD, 0xF7BD, 0xF7BD,
    0xF7BD, 0xF7BD, 0xF7BD, 0xF7BD, 0xF7BD, 0xF7BD, 0xF7BD, 0xF7BD, 0xF7BD, 0xF7BD, 0xF7BD, 0xF7BD,
    0xF7BD, 0xF7BD, 0xF7BD, 0xF7BD, 0xF7BD, 0xF7BD, 0xF7BD, 0xF7BD, 0xF7BD, 0xF7BD, 0xF7BD, 0xF7BD,
    0xF7BD, 0xF7BD, 0xF7BD, 0xF7BD, 0xF7BD, 0xF7BD, 0xF7BD, 0xF7BD, 0xF7BD, 0xF7BD, 0xF7BD, 0xF7BD,
    0xF7BD, 0xF7BD, 0xF7BD, 0xF7BD, 0xF7BD, 0xF7BD, 0xF7BD, 0xF7BD, 0xF7BD, 0xF7BD, 0xF7BD, 0xF7BD,
    0xF7BD, 0xF7BD, 0xF7BD, 0xF7BD, 0xF7BD, 0xF7BD, 0xF7BD, 0xF7BD, 0xF7BD, 0xF7BD, 0xF7BD, 0xF7BD,
    0xF7BD, 0xF7BD, 0xF7BD, 0xF7BD, 0xF7BD, 0xF7BD, 0xF7BD, 0xF7BD, 0xF7BD, 0xF7BD, 0xF7BD, 0xF7BD,
    0xF7BD, 0xF7BD, 0xF7BD, 0xF7BD, 0xF7BD, 0xF7BD, 0xF7BD, 0xF7BD, 0xF7BD, 0xF7BD, 0xF7BD, 0xF7BD,
    0xF7BD, 0xF7BD, 0xF7BD, 0xF7BD, 0xF7BD, 0xF7BD, 0xF7BD, 0xF7BD, 0xF7BD, 0xF7BD, 0xF7BD, 0xF7BD,
    0xF7BD, 0xF7BD, 0xF7BD, 0xF7BD, 0xF7BD, 0xF7BD, 0xF7BD, 0xF7BD, 0xF7BD, 0xF7BD, 0xF7BD, 0xF7BD,
    0xF7BD, 0xF7BD, 0xF7BD, 0xF7BD, 0xF7BD, 0xF7BD, 0xF7BD, 0xF7BD, 0xF7BD, 0xF7BD, 0xF7BD, 0xF7BD,
    0xF7BD, 0xF7BD, 0xF7BD, 0xF7BD, 0xF7BD, 0xF7BD, 0xF7BD, 0xF7BD, 0xF7BD, 0xF7BD, 0xF7BD, 0xF7BD,
    0xF7BD, 0xF7BD, 0xF7BD, 0xF7BD, 0xF7BD, 0xF7BD, 0xF7BD, 0xF7BD, 0xF7BD, 0xF7BD, 0xF7BD, 0xF7BD,
    0xF7BD, 0xF7BD, 0xF7BD, 0xF7BD, 0xF7BD, 0xF7BD, 0xF7BD, 0xF7BD, 0xF7BD, 0xF7BD, 0xF7BD, 0xF7BD,
    0xF7BD, 0xF7BD, 0xF7BD, 0xF7BD, 0xF7BD, 0xF7BD, 0xF7BD, 0xF7BD, 0xF7BD, 0xF7BD, 0xF7BD, 0xF7BD,
    0xF7BD, 0xF7BD, 0xF7BD, 0xF7BD, 0xF7BD, 0xF7BD, 0xF7BD, 0xF7BD, 0xF7BD, 0xF7BD, 0xF7BD, 0xF7BD,
    0xF7BD, 0xF7BD, 0xF7BD, 0xF7BD, 0xF7BD, 0xF7BD, 0xF7BD, 0xF7BD, 0xF7BD, 0xF7BD, 0xF7BD, 0xF7BD,
    0xF7BD, 0xF7BD, 0xF7BD, 0xF7BD, 0xF7BD, 0xF7BD, 0xF7BD, 0xF7BD, 0xF7BD, 0xF7BD, 0xF7BD, 0xF7BD,
    0xF7BD, 0xF7BD, 0xF7BD, 0xF7BD, 0xF7BD, 0xF7BD, 0xF7BD, 0xF7BD, 0xF7BD, 0xF7BD, 0xF7BD, 0xF7BD,
    0xF7BD, 0xF7BD, 0xF7BD, 0xF7BD, 0xF7BD, 0xF7BD, 0xF7BD, 0xF7BD, 0xF7BD, 0xF7BD, 0xF7BD, 0xF7BD,
    0xF7BD, 0xF7BD, 0xF7BD, 0xF7BD, 0xF7BD, 0xF7BD, 0xF7BD, 0xF7BD, 0xF7BD, 0xF7BD, 0xF7BD, 0xF7BD,
    0xF7BD, 0xF7BD, 0xF7BD, 0xF7BD, 0xF7BD, 0xF7BD, 0xF7BD, 0xF7BD, 0xF7BD, 0xF7BD, 0xF7BD, 0xF7BD,
    0xF7BD, 0xF7BD, 0xF7BD, 0xF7BD, 0xF7BD, 0xF7BD, 0xF7BD, 0xF7BD, 0xF7BD, 0xF7BD, 0xF7BD, 0xF7BD,
    0xF7BD, 0xF7BD, 0xF7BD, 0xF7BD, 0xF7BD, 0xF7BD, 0xF7BD, 0xF7BD, 0xF7BD, 0xF7BD, 0xF7BD, 0xF7BD,
    0xF7BD, 0xF7BD, 0xF7BD, 0xF7BD, 0xF7BD, 0xF7BD, 0xF7BD, 0xF7BD, 0xF7BD, 0xF7BD, 0xF7BD, 0xF7BD,
    0xF7BD, 0xF7BD, 0xF7BD, 0xF7BD, 0xF7BD, 0xF7BD, 0xF7BD, 0xF7BD, 0xF7BD, 0xF7BD, 0xF7BD, 0xF7BD,
    0xF7BD, 0xF7BD, 0xF7BD, 0xF7BD, 0xF7BD, 0xF7BD, 0xF7BD, 0xF7BD, 0xF7BD, 0xF7BD, 0xF7BD, 0xF7BD,
    0xF7BD, 0xF7BD, 0xF7BD, 0xF7BD, 0xF7BD, 0xF7BD, 0xF7BD, 0xF7BD, 0xF7BD, 0xF7BD, 0xF7BD, 0xF7BD,
    0xF7BD, 0xF7BD, 0xF7BD, 0xF7BD, 0xF7BD, 0xF7BD, 0xF7BD, 0xF7BD, 0xF7BD, 0xF7BD, 0xF7BD, 0xF7BD,
    0xF7BD, 0xF7BD, 0xF7BD, 0xF7BD, 0xF7BD, 0xF7BD, 0xF7BD, 0xF7BD, 0xF7BD, 0xF7BD, 0xF7BD, 0xF7BD,
    0xF7BD, 0xF7BD, 0xF7BD, 0xF7BD, 0xF7BD, 0xF7BD, 0xF7BD, 0xF7BD, 0xF7BD, 0xF7BD, 0xF7BD, 0xF7BD,
    0xF7BD, 0xF7BD, 0xF7BD, 0xF7BD, 0xF7BD, 0xF7BD, 0xF7BD, 0xF7BD, 0xF7BD, 0xF7BD, 0xF7BD, 0xF7BD,
    0xF7BD, 0xF7BD, 0xF7BD, 0xF7BD, 0xF7BD, 0xF7BD, 0xF7BD, 0xF7BD, 0xF7BD, 0xF7BD, 0xF7BD, 0xF7BD,
    0xF7BD, 0xF7BD, 0xF7BD, 0xF7BD, 0xF7BD, 0xF7BD, 0xF7BD, 0xF7BD, 0xF7BD, 0xF7BD, 0xF7BD, 0xF7BD,
    0xF7BD, 0xF7BD, 0xF7BD, 0xF7BD, 0xF7BD, 0xF7BD, 0xF7BD, 0xF7BD, 0xF7BD, 0xF7BD, 0xF7BD, 0xF7BD,
    0xF7BD, 0xF7BD, 0xF7BD, 0xF7BD, 0xF7BD, 0xF7BD, 0xF7BD, 0xF7BD, 0xF7BD, 0xF7BD, 0xF7BD, 0xF7BD,
    0xF7BD, 0xF7BD, 0xF7BD, 0xF7BD, 0xF7BD, 0xF7BD, 0xF7BD, 0xF7BD, 0xF7BD, 0xF7BD, 0xF7BD, 0xF7BD,
    0xF7BD, 0xF7BD, 0xF7BD, 0xF7BD, 0xF7BD, 0xF7BD, 0xF7BD, 0xF7BD, 0xF7BD, 0xF7BD, 0xF7BD, 0xF7BD,
    0xF7BD, 0xF7BD, 0xF7BD, 0xF7BD, 0xF7BD, 0xF7BD, 0xF7BD, 0xF7BD, 0xF7BD, 0xF7BD, 0xF7BD, 0xF7BD,
    0xF7BD, 0xF7BD, 0xF7BD, 0xF7BD, 0xF7BD, 0xF7BD, 0xF7BD, 0xF7BD, 0xF7BD, 0xF7BD, 0xF7BD, 0xF7BD,
    0xF7BD, 0xF7BD, 0xF7BD, 0xF7BD, 0xF7BD, 0xF7BD, 0xF7BD, 0xF7BD, 0xF7BD, 0xF7BD, 0xF7BD, 0xF7BD,
    0xF7BD, 0xF7BD, 0xF7BD, 0xF7BD, 0xF7BD, 0xF7BD, 0xF7BD, 0xF7BD, 0xF7BD, 0xF7BD, 0xF7BD, 0xF7BD,
    0xF7BD, 0xF7BD, 0xF7BD, 0xF7BD, 0xF7BD, 0xF7BD, 0xF7BD, 0xF7BD, 0xF7BD, 0xF7BD, 0xF7BD, 0xF7BD,
    0xF7BD, 0xF7BD, 0xF7BD, 0xF7BD, 0xF7BD, 0xF7BD, 0xF7BD, 0xF7BD, 0xF7BD, 0xF7BD, 0xF7BD, 0xF7BD,
    0xF7BD, 0xF7BD, 0xF7BD, 0xF7BD, 0xF7BD, 0xF7BD, 0xF7BD, 0xF7BD, 0xF7BD, 0xF7BD, 0xF7BD, 0xF7BD,
    0xF7BD, 0xF7BD, 0xF7BD, 0xF7BD, 0xF7BD, 0xF7BD, 0xF7BD, 0xF7BD, 0xF7BD, 0xF7BD, 0xF7BD, 0xF7BD,
    0xF7BD, 0xF7BD, 0xF7BD, 0xF7BD, 0xF7BD, 0xF7BD, 0xF7BD, 0xF7BD, 0xF7BD, 0xF7BD, 0xF7BD, 0xF7BD,
    0xF7BD, 0xF7BD, 0xF7BD, 0xF7BD, 0xF7BD, 0xF7BD, 0xF7BD, 0xF7BD, 0xF7BD, 0xF7BD, 0xF7BD, 0xF7BD,
    0xF7BD, 0xF7BD, 0xF7BD, 0xF7BD, 0xF7BD, 0xF7BD, 0xF7BD, 0xF7BD, 0xF7BD, 0xF7BD, 0xF7BD, 0xF7BD,
    0xF7BD, 0xF7BD, 0xF7BD, 0xF7BD, 0xF7BD, 0xF7BD, 0xF7BD, 0xF7BD, 0xF7BD, 0xF7BD, 0xF7BD, 0xF7BD,
    0xF7BD, 0xF7BD, 0xF7BD, 0xF7BD, 0xF7BD, 0xF7BD, 0xF7BD, 0xF7BD, 0xF7BD, 0xF7BD, 0xF7BD, 0xF7BD,
    0xF7BD, 0xF7BD, 0xF7BD, 0xF7BD, 0xF7BD, 0xF7BD, 0xF7BD, 0xF7BD, 0xF7BD, 0xF7BD, 0xF7BD, 0xF7BD,
    0xF7BD, 0xF7BD, 0xF7BD, 0xF7BD, 0xF7BD, 0xF7BD, 0xF7BD, 0xF7BD, 0xF7BD, 0xF7BD, 0xF7BD, 0xF7BD,
    0xF7BD, 0xF7BD, 0xF7BD, 0xF7BD, 0xF7BD, 0xF7BD, 0xF7BD, 0xF7BD, 0xF7BD, 0xF7BD, 0xF7BD, 0xF7BD,
    0xF7BD, 0xF7BD, 0xF7BD, 0xF7BD, 0xF7BD, 0xF7BD, 0xF7BD, 0xF7BD, 0xF7BD, 0xF7BD, 0xF7BD, 0xF7BD,
    0xF7BD, 0xF7BD, 0xF7BD, 0xF7BD, 0xF7BD, 0xF7BD, 0xF7BD, 0xF7BD, 0xF7BD, 0xF7BD, 0xF7BD, 0xF7BD,
    0xF7BD, 0xF7BD, 0xF7BD, 0xF7BD, 0xF7BD, 0xF7BD, 0xF7BD, 0xF7BD, 0xF7BD, 0xF7BD, 0xF7BD, 0xF7BD,
    0xF7BD, 0xF7BD, 0xF7BD, 0xF7BD, 0xF7BD, 0xF7BD, 0xF7BD, 0xF7BD, 0xF7BD, 0xF7BD, 0xF7BD, 0xF7BD,
    0xF7BD, 0xF7BD, 0xF7BD, 0xF7BD, 0xF7BD, 0xF7BD, 0xF7BD, 0xF7BD, 0xF7BD, 0xF7BD, 0xF7BD, 0xF7BD,
    0xF7BD, 0xF7BD, 0xF7BD, 0xF7BD, 0xF7BD, 0xF7BD, 0xF7BD, 0xF7BD, 0xF7BD, 0xF7BD, 0xF7BD, 0xF7BD,
    0xF7BD, 0xF7BD, 0xF7BD, 0xF7BD, 0xF7BD, 0xF7BD, 0xF7BD, 0xF7BD, 0xF7BD, 0xF7BD, 0xF7BD, 0xF7BD,
    0xF7BD, 0xF7BD, 0xF7BD, 0xF7BD, 0xF7BD, 0xF7BD, 0xF7BD, 0xF7BD, 0xF7BD, 0xF7BD, 0xF7BD, 0xF7BD,
    0xF7BD, 0xF7BD, 0xF7BD, 0xF7BD, 0xF7BD, 0xF7BD, 0xF7BD, 0xF7BD, 0xF7BD, 0xF7BD, 0xF7BD, 0xF7BD,
    0xF7BD, 0xF7BD, 0xF7BD, 0xF7BD, 0xF7BD, 0xF7BD, 0xF7BD, 0xF7BD, 0xF7BD, 0xF7BD, 0xF7BD, 0xF7BD,
    0xF7BD, 0xF7BD, 0xF7BD, 0xF7BD, 0xF7BD, 0xF7BD, 0xF7BD, 0xF7BD, 0xF7BD, 0xF7BD, 0xF7BD, 0xF7BD,
    0xF7BD, 0xF7BD, 0xF7BD, 0xF7BD, 0xF7BD, 0xF7BD, 0xF7BD, 0xF7BD, 0xF7BD, 0xF7BD, 0xF7BD, 0xF7BD,
    0xF7BD, 0xF7BD, 0xF7BD, 0xF7BD, 0xF7BD, 0xF7BD, 0xF7BD, 0xF7BD, 0xF7BD, 0xF7BD, 0xF7BD, 0xF7BD,
    0xF7BD, 0xF7BD, 0xF7BD, 0xF7BD, 0xF7BD, 0xF7BD, 0xF7BD, 0xF7BD, 0xF7BD, 0xF7BD, 0xF7BD, 0xF7BD,
    0xF7BD, 0xF7BD, 0xF7BD, 0xF7BD, 0xF7BD, 0xF7BD, 0xF7BD, 0xF7BD, 0xF7BD, 0xF7BD, 0xF7BD, 0xF7BD,
    0xF7BD, 0xF7BD, 0xF7BD, 0xF7BD, 0xF7BD, 0xF7BD, 0xF7BD, 0xF7BD, 0xF7BD, 0xF7BD, 0xF7BD, 0xF7BD,
    0xF7BD, 0xF7BD, 0xF7BD, 0xF7BD, 0xF7BD, 0xF7BD, 0xF7BD, 0xF7BD, 0xF7BD, 0xF7BD, 0xF7BD, 0xF7BD,
    0xF7BD, 0xF7BD, 0xF7BD, 0xF7BD, 0xF7BD, 0xF7BD, 0xF7BD, 0xF7BD, 0xF7BD, 0xF7BD, 0xF7BD, 0xF7BD,
    0xF7BD, 0xF7BD, 0xF7BD, 0xF7BD, 0xF7BD, 0xF7BD, 0xF7BD, 0xF7BD, 0xF7BD, 0xF7BD, 0xF7BD, 0xF7BD,
    0xF7BD, 0xF7BD, 0xF7BD, 0xF7BD, 0xF7BD, 0xF7BD, 0xF7BD, 0xF7BD, 0xF7BD, 0xF7BD, 0xF7BD, 0xF7BD,
    0xF7BD, 0xF7BD, 0xF7BD, 0xF7BD, 0xF7BD, 0xF7BD, 0xF7BD, 0xF7BD, 0xF7BD, 0xF7BD, 0xF7BD, 0xF7BD,
    0xF7BD, 0xF7BD, 0xF7BD, 0xF7BD, 0xF7BD, 0xF7BD, 0xF7BD, 0xF7BD, 0xF7BD, 0xF7BD, 0xF7BD, 0xF7BD,
    0xF7BD, 0xF7BD, 0xF7BD, 0xF7BD, 0xF7BD, 0xF7BD, 0xF7BD, 0xF7BD, 0xF7BD, 0xF7BD, 0xF7BD, 0xF7BD,
    0xF7BD, 0xF7BD, 0xF7BD, 0xF7BD, 0xF7BD, 0xF7BD, 0xF7BD, 0xF7BD, 0xF7BD, 0xF7BD, 0xF7BD, 0xF7BD,
    0xF7BD, 0xF7BD, 0xF7BD, 0xF7BD, 0xF7BD, 0xF7BD, 0xF7BD, 0xF7BD, 0xF7BD, 0xF7BD, 0xF7BD, 0xF7BD,
    0xF7BD, 0xF7BD, 0xF7BD, 0xF7BD, 0xF7BD, 0xF7BD, 0xF7BD, 0xF7BD, 0xF7BD, 0xF7BD, 0xF7BD, 0xF7BD,
    0xF7BD, 0xF7BD, 0xF7BD, 0xF7BD, 0xF7BD, 0xF7BD, 0xF7BD, 0xF7BD, 0xF7BD, 0xF7BD, 0xF7BD, 0xF7BD,
    0xF7BD, 0xF7BD, 0xF7BD, 0xF7BD, 0xF7BD, 0xF7BD, 0xF7BD, 0xF7BD, 0xF7BD, 0xF7BD, 0xF7BD, 0xF7BD,
    0xF7BD, 0xF7BD, 0xF7BD, 0xF7BD, 0xF7BD, 0xF79C, 0x0BA8, 0x0367, 0x2C0A, 0x7D71, 0xE75B, 0xF7BD,
    0xF7BD, 0xF7BD, 0xF7BD, 0xF7BD, 0xF7BD, 0xF7BD, 0xF7BD, 0xF7BD, 0xF7BD, 0xF7BD, 0xF7BD, 0xF7BD,
    0xF7BD, 0xF7BD, 0xF7BD, 0xF7BD, 0xF7BD, 0xF7BD, 0xF7BD, 0xF7BD, 0xF7BD, 0xF7BD, 0xF7BD, 0xF7BD,
    0xF7BD, 0xF7BD, 0xF7BD, 0xF7BD, 0xF7BD, 0xF7BD, 0xF7BD, 0xF7BD, 0xF7BD, 0xF7BD, 0xF7BD, 0xF7BD,
    0xF7BD, 0xF7BD, 0xF7BD, 0xF7BD, 0xF7BD, 0xF7BD, 0xF7BD, 0xF7BD, 0xF7BD, 0xF7BD, 0xF7BD, 0xF7BD,
    0xF7BD, 0xF7BD, 0xF7BD, 0xF7BD, 0xF7BD, 0xF7BD, 0xF7BD, 0xF7BD, 0xF7BD, 0xF7BD, 0xF7BD, 0xF7BD,
    0xF7BD, 0xF7BD, 0xF7BD, 0xF7BD, 0xF7BD, 0xF7BD, 0xF7BD, 0xF7BD, 0xF7BD, 0xF7BD, 0xF7BD, 0xF7BD,
    0xF7BD, 0xF7BD, 0xF7BD, 0xF7BD, 0xF7BD, 0xF7BD, 0xF7BD, 0xF7BD, 0xF7BD, 0xF7BD, 0xF7BD, 0xF7BD,
    0xF7BD, 0xF7BD, 0xF7BD, 0xF7BD, 0xF7BD, 0xF7BD, 0xF7BD, 0xF7BD, 0xF7BD, 0xF7BD, 0xF7BD, 0xF7BD,
    0xF7BD, 0xF7BD, 0xF7BD, 0xF7BD, 0xF7BD, 0xF7BD, 0xF7BD, 0xF7BD, 0xF7BD, 0xF7BD, 0xF7BD, 0xF7BD,
    0xF7BD, 0xF7BD, 0xF7BD, 0xF7BD, 0xF7BD, 0xF7BD, 0xF7BD, 0xF7BD, 0xF7BD, 0xF7BD, 0xF7BD, 0xF7BD,
    0xF7BD, 0xF7BD, 0xF7BD, 0xF7BD, 0xF7BD, 0xF7BD, 0xF7BD, 0xF7BD, 0xF7BD, 0xF7BD, 0xF7BD, 0xF7BD,
    0xF7BD, 0xF7BD, 0xF7BD, 0xF7BD, 0xF7BD, 0xF7BD, 0xF7BD, 0xF7BD, 0xF7BD, 0xF7BD, 0xF7BD, 0xF7BD,
    0xF7BD, 0xF7BD, 0xF7BD, 0xF7BD, 0xF7BD, 0xF7BD, 0xF7BD, 0xF7BD, 0xF7BD, 0xF7BD, 0xF7BD, 0xF7BD,
    0xF7BD, 0xF7BD, 0xF7BD, 0xF7BD, 0xF7BD, 0xF7BD, 0xF7BD, 0xF7BD, 0xF7BD, 0xF7BD, 0xF7BD, 0xF7BD,
    0xF7BD, 0xF7BD, 0xF7BD, 0xF7BD, 0xF7BD, 0xF7BD, 0xF7BD, 0x5CEF, 0x0367, 0x13C9, 0x5CEF, 0xC6D8,
    0xF7BD, 0xF7BD, 0xF7BD, 0xF7BD, 0xF7BD, 0xF7BD, 0xF7BD, 0xF7BD, 0xF7BD, 0xF7BD, 0xF7BD, 0xF7BD,
    0xF7BD, 0xF7BD, 0xF7BD, 0xF7BD, 0xF7BD, 0xF7BD, 0xF7BD, 0xF7BD, 0xF7BD, 0xF7BD, 0xF7BD, 0xF7BD,
    0xF7BD, 0xF7BD, 0xF7BD, 0xF7BD, 0xF7BD, 0xF7BD, 0xF7BD, 0xBEB7, 0x0367, 0x0367, 0x0367, 0x0367,
    0x13A9, 0xB697, 0xF7BD, 0xF7BD, 0xF7BD, 0xF7BD, 0xF7BD, 0xF7BD, 0xF7BD, 0xF7BD, 0xF7BD, 0xF7BD,
    0xF7BD, 0xF7BD, 0xF7BD, 0xF7BD, 0xF7BD, 0xF7BD, 0xF7BD, 0xF7BD, 0xF7BD, 0xF7BD, 0xF7BD, 0xF7BD,
    0xF7BD, 0xF7BD, 0xF7BD, 0xF7BD, 0xF7BD, 0xF7BD, 0xF7BD, 0xF7BD, 0xF7BD, 0xF7BD, 0xF7BD, 0xF7BD,
    0xF7BD, 0xF7BD, 0xF7BD, 0xF7BD, 0xF7BD, 0xF7BD, 0xF7BD, 0xF7BD, 0xF7BD, 0xF7BD, 0xF7BD, 0xF7BD,
    0xF7BD, 0xF7BD, 0xF7BD, 0xF7BD, 0xF7BD, 0xF7BD, 0xF7BD, 0xF7BD, 0xF7BD, 0xF7BD, 0xF7BD, 0xF7BD,
    0xF7BD, 0xF7BD, 0xF7BD, 0xF7BD, 0xF7BD, 0xF7BD, 0xF7BD, 0xF7BD, 0xF7BD, 0xF7BD, 0xF7BD, 0xF7BD,
    0xF7BD, 0xF7BD, 0xF7BD, 0xF7BD, 0xF7BD, 0xF7BD, 0xF7BD, 0xF7BD, 0xF7BD, 0xF7BD, 0xF7BD, 0xF7BD,
    0xF7BD, 0xF7BD, 0xF7BD, 0xF7BD, 0xF7BD, 0xF7BD, 0xF7BD, 0xF7BD, 0xF7BD, 0xF7BD, 0xF7BD, 0xF7BD,
    0xF7BD, 0xF7BD, 0xF7BD, 0xF7BD, 0xF7BD, 0xF7BD, 0xF7BD, 0xF7BD, 0xF7BD, 0xF7BD, 0xF7BD, 0xF7BD,
    0xF7BD, 0xF7BD, 0xF7BD, 0xF7BD, 0xF7BD, 0xF7BD, 0xF7BD, 0xF7BD, 0xF7BD, 0xF7BD, 0xF7BD, 0xF7BD,
    0xF7BD, 0xF7BD, 0xF7BD, 0xF7BD, 0xF7BD, 0xF7BD, 0xF7BD, 0xF7BD, 0xF7BD, 0xF7BD, 0xF7BD, 0xF7BD,
    0xF7BD, 0xF7BD, 0xF7BD, 0xF7BD, 0xF7BD, 0xF7BD, 0xF7BD, 0xF7BD, 0xF7BD, 0xF7BD, 0xF7BD, 0xF7BD,
    0xF7BD, 0xF7BD, 0xF7BD, 0xF7BD, 0xF7BD, 0xF7BD, 0xF7BD, 0xF7BD, 0xF7BD, 0xF7BD, 0xF7BD, 0xF7BD,
    0xF7BD, 0xF7BD, 0xF7BD, 0xF7BD, 0xF7BD, 0xF7BD, 0xF7BD, 0xF7BD, 0xF7BD, 0xF7BD, 0xF7BD, 0xF7BD,
    0xF7BD, 0xF7BD, 0xF7BD, 0xF7BD, 0xF7BD, 0xF7BD, 0xF7BD, 0xF7BD, 0xF7BD, 0x1BC9, 0x0367, 0x0367,
    0x0367, 0x0367, 0x7571, 0xF7BC, 0xF7BD, 0xF7BD, 0xF7BD, 0xF7BD, 0xF7BD, 0xF7BD, 0xF7BD, 0xF7BD,
    0xF7BD, 0xF7BD, 0xF7BD, 0xF7BD, 0xF7BD, 0xF7BD, 0xF7BD, 0xF7BD, 0xF7BD, 0xF7BD, 0xF7BD, 0xF7BD,
    0xF7BD, 0xF7BD, 0xF7BD, 0xF7BD, 0xF7BD, 0xF7BD, 0xF7BD, 0xF7BD, 0xF7BD, 0x7D92, 0x0367, 0x0367,
    0x0367, 0x0367, 0x0367, 0x0B88, 0xC6B8, 0xF7BD, 0xF7BD, 0xF7BD, 0xF7BD, 0xF7BD, 0xF7BD, 0xF7BD,
    0xF7BD, 0xF7BD, 0xF7BD, 0xF7BD, 0xF7BD, 0xF7BD, 0xF7BD, 0xF7BD, 0xF7BD, 0xF7BD, 0xF7BD, 0xF7BD,
    0xF7BD, 0xF7BD, 0xF7BD, 0xF7BD, 0xF7BD, 0xF7BD, 0xF7BD, 0xF7BD, 0xF7BD, 0xF7BD, 0xF7BD, 0xF7BD,
    0xF7BD, 0xF7BD, 0xF7BD, 0xF7BD, 0xF7BD, 0xF7BD, 0xF7BD, 0xF7BD, 0xF7BD, 0xF7BD, 0xF7BD, 0xF7BD,
    0xF7BD, 0xF7BD, 0xF7BD, 0xF7BD, 0xF7BD, 0xF7BD, 0xF7BD, 0xF7BD, 0xF7BD, 0xF7BD, 0xF7BD, 0xF7BD,
    0xF7BD, 0xF7BD, 0xF7BD, 0xF7BD, 0xF7BD, 0xF7BD, 0xF7BD, 0xF7BD, 0xF7BD, 0xF7BD, 0xF7BD, 0xF7BD,
    0xF7BD, 0xF7BD, 0xF7BD, 0xF7BD, 0xF7BD, 0xF7BD, 0xF7BD, 0xF7BD, 0xF7BD, 0xF7BD, 0xF7BD, 0xF7BD,
    0xF7BD, 0xF7BD, 0xF7BD, 0xF7BD, 0xF7BD, 0xF7BD, 0xF7BD, 0xF7BD, 0xF7BD, 0xF7BD, 0xF7BD, 0xF7BD,
    0xF7BD, 0xF7BD, 0xF7BD, 0xF7BD, 0xF7BD, 0xF7BD, 0xF7BD, 0xF7BD, 0xF7BD, 0xF7BD, 0xF7BD, 0xF7BD,
    0xF7BD, 0xF7BD, 0xF7BD, 0xF7BD, 0xF7BD, 0xF7BD, 0xF7BD, 0xF7BD, 0xF7BD, 0xF7BD, 0xF7BD, 0xF7BD,
    0xF7BD, 0xF7BD, 0xF7BD, 0xF7BD, 0xF7BD, 0xF7BD, 0xF7BD, 0xF7BD, 0xF7BD, 0xF7BD, 0xF7BD, 0xF7BD,
    0xF7BD, 0xF7BD, 0xF7BD, 0xF7BD, 0xF7BD, 0xF7BD, 0xF7BD, 0xF7BD, 0xF7BD, 0xF7BD, 0xF7BD, 0xF7BD,
    0xF7BD, 0xF7BD, 0xF7BD, 0xF7BD, 0xF7BD, 0xF7BD, 0xF7BD, 0xF7BD, 0xF7BD, 0xF7BD, 0xF7BD, 0xF7BD,
    0xF7BD, 0xF7BD, 0xF7BD, 0xF7BD, 0xF7BD, 0xF7BD, 0xF7BD, 0xF7BD, 0xF7BD, 0xF7BD, 0xF7BD, 0xF7BD,
    0xF7BD, 0xF7BD, 0xF7BD, 0xF7BD, 0xF7BD, 0xF7BD, 0xF7BD, 0xF7BD, 0xF7BD, 0xF7BD, 0xD719, 0x0367,
    0x0367, 0x0367, 0x0367, 0x0367, 0x0367, 0x7571, 0xF7BD, 0xF7BD, 0xF7BD, 0xF7BD, 0xF7BD, 0xF7BD,
    0xF7BD, 0xF7BD, 0xF7BD, 0xF7BD, 0xF7BD, 0xF7BD, 0xF7BD, 0xF7BD, 0xF7BD, 0xF7BD, 0xF7BD, 0xF7BD,
    0xF7BD, 0xF7BD, 0xF7BD, 0xF7BD, 0xF7BD, 0xF7BD, 0xF7BD, 0xF7BD, 0xF7BD, 0xF7BD, 0xF7BD, 0x3C6C,
    0x0367, 0x0367, 0x0367, 0x0367, 0x0367, 0x0367, 0x240A, 0xF79C, 0xF7BD, 0xF7BD, 0xF7BD, 0xF7BD,
    0xF7BD, 0xF7BD, 0xF7BD, 0xF7BD, 0xF7BD, 0xF7BD, 0xF7BD, 0xF7BD, 0xF7BD, 0xF7BD, 0xF7BD, 0xF7BD,
    0xF7BD, 0xF7BD, 0xF7BD, 0xF7BD, 0xF7BD, 0xF7BD, 0xF7BD, 0xF7BD, 0xF7BD, 0xF7BD, 0xF7BD, 0xF7BD,
    0xF7BD, 0xF7BD, 0xF7BD, 0xF7BD, 0xF7BD, 0xF7BD, 0xF7BD, 0xF7BD, 0xF7BD, 0xF7BD, 0xF7BD, 0xF7BD,
    0xF7BD, 0xF7BD, 0xF7BD, 0xF7BD, 0xF7BD, 0xF7BD, 0xF7BD, 0xF7BD, 0xF7BD, 0xF7BD, 0xF7BD, 0xF7BD,
    0xF7BD, 0xF7BD, 0xF7BD, 0xF7BD, 0xF7BD, 0xF7BD, 0xF7BD, 0xF7BD, 0xF7BD, 0xF7BD, 0xF7BD, 0xF7BD,
    0xF7BD, 0xF7BD, 0xF7BD, 0xF7BD, 0xF7BD, 0xF7BD, 0xF7BD, 0xF7BD, 0xF7BD, 0xF7BD, 0xF7BD, 0xF7BD,
    0xF7BD, 0xF7BD, 0xF7BD, 0xF7BD, 0xF7BD, 0xF7BD, 0xF7BD, 0xF7BD, 0xF7BD, 0xF7BD, 0xF7BD, 0xF7BD,
    0xF7BD, 0xF7BD, 0xF7BD, 0xF7BD, 0xF7BD, 0xF7BD, 0xF7BD, 0xF7BD, 0xF7BD, 0xF7BD, 0xF7BD, 0xF7BD,
    0xF7BD, 0xF7BD, 0xF7BD, 0xF7BD, 0xF7BD, 0xF7BD, 0xF7BD, 0xF7BD, 0xF7BD, 0xF7BD, 0xF7BD, 0xF7BD,
    0xF7BD, 0xF7BD, 0xF7BD, 0xF7BD, 0xF7BD, 0xF7BD, 0xF7BD, 0xF7BD, 0xF7BD, 0xF7BD, 0xF7BD, 0xF7BD,
    0xF7BD, 0xF7BD, 0xF7BD, 0xF7BD, 0xF7BD, 0xF7BD, 0xF7BD, 0xF7BD, 0xF7BD, 0xF7BD, 0xF7BD, 0xF7BD,
    0xF7BD, 0xF7BD, 0xF7BD, 0xF7BD, 0xF7BD, 0xF7BD, 0xF7BD, 0xF7BD, 0xF7BD, 0xF7BD, 0xF7BD, 0xF7BD,
    0xF7BD, 0xF7BD, 0xF7BD, 0xF7BD, 0xF7BD, 0xF7BD, 0xF7BD, 0xF7BD, 0xF7BD, 0xF7BD, 0xF7BD, 0xF7BD,
    0xF7BD, 0xF7BD, 0xF7BD, 0xF7BD, 0xF7BD, 0xF7BD, 0xF7BD, 0xF7BD, 0xF7BD, 0xF7BD, 0xF7BD, 0xF7BD,
    0x9614, 0x0367, 0x0367, 0x0367, 0x0367, 0x0367, 0x0367, 0x0367, 0xC6D8, 0xF7BD, 0xF7BD, 0xF7BD,
    0xF7BD, 0xF7BD, 0xF7BD, 0xF7BD, 0xF7BD, 0xF7BD, 0xF7BD, 0xF7BD, 0xF7BD, 0xF7BD, 0xF7BD, 0xF7BD,
    0xF7BD, 0xF7BD, 0xF7BD, 0xF7BD, 0xF7BD, 0xF7BD, 0xF7BD, 0xF7BD, 0xF7BD, 0xF7BD, 0xF7BD, 0xF7BD,
    0xEF7B, 0x0367, 0x0367, 0x0367, 0x0367, 0x0367, 0x0367, 0x0367, 0x0367, 0xAE56, 0xF7BD, 0xF7BD,
    0xF7BD, 0xF7BD, 0xF7BD, 0xF7BD, 0xF7BD, 0xF7BD, 0xF7BD, 0xF7BD, 0xF7BD, 0xF7BD, 0xF7BD, 0xF7BD,
    0xF7BD, 0xF7BD, 0xF7BD, 0xF7BD, 0xF7BD, 0xF7BD, 0xF7BD, 0xF7BD, 0xF7BD, 0xF7BD, 0xF7BD, 0xF7BD,
    0xF7BD, 0xF7BD, 0xF7BD, 0xF7BD, 0xF7BD, 0xF7BD, 0xF7BD, 0xF7BD, 0xF7BD, 0xF7BD, 0xF7BD, 0xF7BD,
    0xF7BD, 0xF7BD, 0xF7BD, 0xF7BD, 0xF7BD, 0xF7BD, 0xF7BD, 0xF7BD, 0xF7BD, 0xF7BD, 0xF7BD, 0xF7BD,
    0xF7BD, 0xF7BD, 0xF7BD, 0xF7BD, 0xF7BD, 0xF7BD, 0xF7BD, 0xF7BD, 0xF7BD, 0xF7BD, 0xF7BD, 0xF7BD,
    0xF7BD, 0xF7BD, 0xF7BD, 0xF7BD, 0xF7BD, 0xF7BD, 0xF7BD, 0xF7BD, 0xF7BD, 0xF7BD, 0xF7BD, 0xF7BD,
    0xF7BD, 0xF7BD, 0xF7BD, 0xF7BD, 0xF7BD, 0xF7BD, 0xF7BD, 0xF7BD, 0xF7BD, 0xF7BD, 0xF7BD, 0xF7BD,
    0xF7BD, 0xF7BD, 0xF7BD, 0xF7BD, 0xF7BD, 0xF7BD, 0xF7BD, 0xF7BD, 0xF7BD, 0xF7BD, 0xF7BD, 0xF7BD,
    0xF7BD, 0xF7BD, 0xF7BD, 0xF7BD, 0xF7BD, 0xF7BD, 0xF7BD, 0xF7BD, 0xF7BD, 0xF7BD, 0xF7BD, 0xF7BD,
    0xF7BD, 0xF7BD, 0xF7BD, 0xF7BD, 0xF7BD, 0xF7BD, 0xF7BD, 0xF7BD, 0xF7BD, 0xF7BD, 0xF7BD, 0xF7BD,
    0xF7BD, 0xF7BD, 0xF7BD, 0xF7BD, 0xF7BD, 0xF7BD, 0xF7BD, 0xF7BD, 0xF7BD, 0xF7BD, 0xF7BD, 0xF7BD,
    0xF7BD, 0xF7BD, 0xF7BD, 0xF7BD, 0xF7BD, 0xF7BD, 0xF7BD, 0xF7BD, 0xF7BD, 0xF7BD, 0xF7BD, 0xF7BD,
    0xF7BD, 0xF7BD, 0xF7BD, 0xF7BD, 0xF7BD, 0xF7BD, 0xF7BD, 0xF7BD, 0xF7BD, 0xF7BD, 0xF7BD, 0xF7BD,
    0xF7BD, 0xF7BD, 0xF7BD, 0xF7BD, 0xF7BD, 0xF7BD, 0xF7BD, 0xF7BD, 0xF7BD, 0xF7BD, 0xF7BD, 0xF7BD,
    0xF7BD, 0xF7BD, 0x54EE, 0x0367, 0x0367, 0x0367, 0x0367, 0x0367, 0x0367, 0x0367, 0x5CEF, 0xF7BD,
    0xF7BD, 0xF7BD, 0xF7BD, 0xF7BD, 0xF7BD, 0xF7BD, 0xF7BD, 0xF7BD, 0xF7BD, 0xF7BD, 0xF7BD, 0xF7BD,
    0xF7BD, 0xF7BD, 0xF7BD, 0xF7BD, 0xF7BD, 0xF7BD, 0xF7BD, 0xF7BD, 0xF7BD, 0xF7BD, 0xF7BD, 0xF7BD,
    0xF7BD, 0xF7BD, 0xAE56, 0x0367, 0x0367, 0x0367, 0x0367, 0x0367, 0x0367, 0x0367, 0x0367, 0x6D30,
    0xF7BD, 0xF7BD, 0xF7BD, 0xF7BD, 0xF7BD, 0xF7BD, 0xF7BD, 0xF7BD, 0xF7BD, 0xF7BD, 0xF7BD, 0xF7BD,
    0xF7BD, 0xF7BD, 0xF7BD, 0xF7BD, 0xF7BD, 0xF7BD, 0xF7BD, 0xF7BD, 0xF7BD, 0xF7BD, 0xF7BD, 0xF7BD,
    0xF7BD, 0xF7BD, 0xF7BD, 0xF7BD, 0xF7BD, 0xF7BD, 0xF7BD, 0xF7BD, 0xF7BD, 0xF7BD, 0xF7BD, 0xF7BD,
    0xF7BD, 0xF7BD, 0xF7BD, 0xF7BD, 0xF7BD, 0xF7BD, 0xF7BD, 0xF7BD, 0xF7BD, 0xF7BD, 0xF7BD, 0xF7BD,
    0xF7BD, 0xF7BD, 0xF7BD, 0xF7BD, 0xF7BD, 0xF7BD, 0xF7BD, 0xF7BD, 0xF7BD, 0xF7BD, 0xF7BD, 0xF7BD,
    0xF7BD, 0xF7BD, 0xF7BD, 0xF7BD, 0xF7BD, 0xF7BD, 0xF7BD, 0xF7BD, 0xF7BD, 0xF7BD, 0xF7BD, 0xF7BD,
    0xF7BD, 0xF7BD, 0xF7BD, 0xF7BD, 0xF7BD, 0xF7BD, 0xF7BD, 0xF7BD, 0xF7BD, 0xF7BD, 0xF7BD, 0xF7BD,
    0xF7BD, 0xF7BD, 0xF7BD, 0xF7BD, 0xF7BD, 0xF7BD, 0xF7BD, 0xF7BD, 0xF7BD, 0xF7BD, 0xF7BD, 0xF7BD,
    0xF7BD, 0xF7BD, 0xF7BD, 0xF7BD, 0xF7BD, 0xF7BD, 0xF7BD, 0xF7BD, 0xF7BD, 0xF7BD, 0xF7BD, 0xF7BD,
    0xF7BD, 0xF7BD, 0xF7BD, 0xF7BD, 0xF7BD, 0xF7BD, 0xF7BD, 0xF7BD, 0xF7BD, 0xF7BD, 0xF7BD, 0xF7BD,
    0xF7BD, 0xF7BD, 0xF7BD, 0xF7BD, 0xF7BD, 0xF7BD, 0xF7BD, 0xF7BD, 0xF7BD, 0xF7BD, 0xF7BD, 0xF7BD,
    0xF7BD, 0xF7BD, 0xF7BD, 0xF7BD, 0xF7BD, 0xF7BD, 0xF7BD, 0xF7BD, 0xF7BD, 0xF7BD, 0xF7BD, 0xF7BD,
    0xF7BD, 0xF7BD, 0xF7BD, 0xF7BD, 0xF7BD, 0xF7BD, 0xF7BD, 0xF7BD, 0xF7BD, 0xF7BD, 0xF7BD, 0xF7BD,
    0xF7BD, 0xF7BD, 0xF7BD, 0xF7BD, 0xF7BD, 0xF7BD, 0xF7BD, 0xF7BD, 0xF7BD, 0xF7BD, 0xF7BD, 0xF7BD,
    0xF7BD, 0xF7BD, 0xF7BD, 0xF7BD, 0x13C9, 0x0367, 0x0367, 0x0367, 0x0367, 0x0367, 0x0367, 0x0367,
    0x13C9, 0xF7BD, 0xF7BD, 0xF7BD, 0xF7BD, 0xF7BD, 0xF7BD, 0xF7BD, 0xF7BD, 0xF7BD, 0xF7BD, 0xF7BD,
    0xF7BD, 0xF7BD, 0xF7BD, 0xF7BD, 0xF7BD, 0xF7BD, 0xF7BD, 0xF7BD, 0xF7BD, 0xF7BD, 0xF7BD, 0xF7BD,
    0xF7BD, 0xF7BD, 0xF7BD, 0xF7BD, 0x6D30, 0x0367, 0x0367, 0x0367, 0x0367, 0x0367, 0x0367, 0x0367,
    0x0367, 0x4CAE, 0xF7BD, 0xF7BD, 0xF7BD, 0xF7BD, 0xF7BD, 0xF7BD, 0xF7BD, 0xF7BD, 0xF7BD, 0xF7BD,
    0xF7BD, 0xF7BD, 0xF7BD, 0xF7BD, 0xF7BD, 0xF7BD, 0xF7BD, 0xF7BD, 0xF7BD, 0xF7BD, 0xF7BD, 0xF7BD,
    0xF7BD, 0xF7BD, 0xF7BD, 0xF7BD, 0xF7BD, 0xF7BD, 0xF7BD, 0xF7BD, 0xF7BD, 0xF7BD, 0xF7BD, 0xF7BD,
    0xF7BD, 0xF7BD, 0xF7BD, 0xF7BD, 0xF7BD, 0xF7BD, 0xF7BD, 0xF7BD, 0xF7BD, 0xF7BD, 0xF7BD, 0xF7BD,
    0xF7BD, 0xF7BD, 0xF7BD, 0xF7BD, 0xF7BD, 0xF7BD, 0xF7BD, 0xF7BD, 0xF7BD, 0xF7BD, 0xF7BD, 0xF7BD,
    0xF7BD, 0xF7BD, 0xF7BD, 0xF7BD, 0xF7BD, 0xF7BD, 0xF7BD, 0xF7BD, 0xF7BD, 0xF7BD, 0xF7BD, 0xF7BD,
    0xF7BD, 0xF7BD, 0xF7BD, 0xF7BD, 0xF7BD, 0xF7BD, 0xF7BD, 0xF7BD, 0xF7BD, 0xF7BD, 0xF7BD, 0xF7BD,
    0xF7BD, 0xF7BD, 0xF7BD, 0xF7BD, 0xF7BD, 0xF7BD, 0xF7BD, 0xF7BD, 0xF7BD, 0xF7BD, 0xF7BD, 0xF7BD,
    0xF7BD, 0xF7BD, 0xF7BD, 0xF7BD, 0xF7BD, 0xF7BD, 0xF7BD, 0xF7BD, 0xF7BD, 0xF7BD, 0xF7BD, 0xF7BD,
    0xF7BD, 0xF7BD, 0xF7BD, 0xF7BD, 0xF7BD, 0xF7BD, 0xF7BD, 0xF7BD, 0xF7BD, 0xF7BD, 0xF7BD, 0xF7BD,
    0xF7BD, 0xF7BD, 0xF7BD, 0xF7BD, 0xF7BD, 0xF7BD, 0xF7BD, 0xF7BD, 0xF7BD, 0xF7BD, 0xF7BD, 0xF7BD,
    0xF7BD, 0xF7BD, 0xF7BD, 0xF7BD, 0xF7BD, 0xF7BD, 0xF7BD, 0xF7BD, 0xF7BD, 0xF7BD, 0xF7BD, 0xF7BD,
    0xF7BD, 0xF7BD, 0xF7BD, 0xF7BD, 0xF7BD, 0xF7BD, 0xF7BD, 0xF7BD, 0xF7BD, 0xF7BD, 0xF7BD, 0xF7BD,
    0xF7BD, 0xF7BD, 0xF7BD, 0xF7BD, 0xF7BD, 0xF7BD, 0xF7BD, 0xF7BD, 0xF7BD, 0xF7BD, 0xF7BD, 0xF7BD,
    0xF7BD, 0xF7BD, 0xF7BD, 0xF7BD, 0xF7BD, 0xD719, 0x0367, 0x0367, 0x0367, 0x0367, 0x0367, 0x0367,
    0x0367, 0x0367, 0x0367, 0xF7BD, 0xF7BD, 0xF7BD, 0xF7BD, 0xF7BD, 0xF7BD, 0xF7BD, 0xF7BD, 0xF7BD,
    0xF7BD, 0xF7BD, 0xF7BD, 0xF7BD, 0xF7BD, 0xF7BD, 0xF7BD, 0xF7BD, 0xF7BD, 0xF7BD, 0xF7BD, 0xF7BD,
    0xF7BD, 0xF7BD, 0xF7BD, 0xF7BD, 0xF7BD, 0xF7BD, 0x240A, 0x0367, 0x0367, 0x0367, 0x0367, 0x0367,
    0x0367, 0x0367, 0x0367, 0x5CEF, 0xF7BD, 0xF7BD, 0xF7BD, 0xF7BD, 0xF7BD, 0xF7BD, 0xF7BD, 0xF7BD,
    0xF7BD, 0xF7BD, 0xF7BD, 0xF7BD, 0xF7BD, 0xF7BD, 0xF7BD, 0xF7BD, 0xF7BD, 0xF7BD, 0xF7BD, 0xF7BD,
    0xF7BD, 0xF7BD, 0xF7BD, 0xF7BD, 0xF7BD, 0xF7BD, 0xF7BD, 0xF7BD, 0xF7BD, 0xF7BD, 0xF7BD, 0xF7BD,
    0xF7BD, 0xF7BD, 0xF7BD, 0xF7BD, 0xF7BD, 0xF7BD, 0xF7BD, 0xF7BD, 0xF7BD, 0xF7BD, 0xF7BD, 0xF7BD,
    0xF7BD, 0xF7BD, 0xF7BD, 0xF7BD, 0xF7BD, 0xF7BD, 0xF7BD, 0xF7BD, 0xF7BD, 0xF7BD, 0xF7BD, 0xF7BD,
    0xF7BD, 0xF7BD, 0xF7BD, 0xF7BD, 0xF7BD, 0xF7BD, 0xF7BD, 0xF7BD, 0xF7BD, 0xF7BD, 0xF7BD, 0xF7BD,
    0xF7BD, 0xF7BD, 0xF7BD, 0xF7BD, 0xF7BD, 0xF7BD, 0xF7BD, 0xF7BD, 0xF7BD, 0xF7BD, 0xF7BD, 0xF7BD,
    0xF7BD, 0xF7BD, 0xF7BD, 0xF7BD, 0xF7BD, 0xF7BD, 0xF7BD, 0xF7BD, 0xF7BD, 0xF7BD, 0xF7BD, 0xF7BD,
    0xF7BD, 0xF7BD, 0xF7BD, 0xF7BD, 0xF7BD, 0xF7BD, 0xF7BD, 0xF7BD, 0xF7BD, 0xF7BD, 0xF7BD, 0xF7BD,
    0xF7BD, 0xF7BD, 0xF7BD, 0xF7BD, 0xF7BD, 0xF7BD, 0xF7BD, 0xF7BD, 0xF7BD, 0xF7BD, 0xF7BD, 0xF7BD,
    0xF7BD, 0xF7BD, 0xF7BD, 0xF7BD, 0xF7BD, 0xF7BD, 0xF7BD, 0xF7BD, 0xF7BD, 0xF7BD, 0xF7BD, 0xF7BD,
    0xF7BD, 0xF7BD, 0xF7BD, 0xF7BD, 0xF7BD, 0xF7BD, 0xF7BD, 0xF7BD, 0xF7BD, 0xF7BD, 0xF7BD, 0xF7BD,
    0xF7BD, 0xF7BD, 0xF7BD, 0xF7BD, 0xF7BD, 0xF7BD, 0xF7BD, 0xF7BD, 0xF7BD, 0xF7BD, 0xF7BD, 0xF7BD,
    0xF7BD, 0xF7BD, 0xF7BD, 0xF7BD, 0xF7BD, 0xF7BD, 0xF7BD, 0xF7BD, 0xF7BD, 0xF7BD, 0xF7BD, 0xF7BD,
    0xF7BD, 0xF7BD, 0xF7BD, 0xF7BD, 0xF7BD, 0xF7BD, 0xF7BD, 0x95F4, 0x0367, 0x0367, 0x0367, 0x0367,
    0x0367, 0x0367, 0x0367, 0x0367, 0x0367, 0xF7BD, 0xF7BD, 0xF7BD, 0xF7BD, 0xF7BD, 0xF7BD, 0xF7BD,
    0xF7BD, 0xF7BD, 0xF7BD, 0xF7BD, 0xF7BD, 0xF7BD, 0xF7BD, 0xF7BD, 0xF7BD, 0xF7BD, 0xF7BD, 0xF7BD,
    0xF7BD, 0xF7BD, 0xF7BD, 0xF7BD, 0xF7BD, 0xF7BD, 0xF7BD, 0xDF3A, 0x0367, 0x0367, 0x0367, 0x0367,
    0x0367, 0x0367, 0x0367, 0x0367, 0x0367, 0x85B3, 0xF7BD, 0xF7BD, 0xF7BD, 0xF7BD, 0xF7BD, 0xF7BD,
    0xF7BD, 0xF7BD, 0xF7BD, 0xF7BD, 0xF7BD, 0xF7BD, 0xF7BD, 0xF7BD, 0xF7BD, 0xF7BD, 0xF7BD, 0xF7BD,
    0xF7BD, 0xF7BD, 0xF7BD, 0xF7BD, 0xF7BD, 0xF7BD, 0xF7BD, 0xF7BD, 0xF7BD, 0xF7BD, 0xF7BD, 0xF7BD,
    0xF7BD, 0xF7BD, 0xF7BD, 0xF7BD, 0xF7BD, 0xF7BD, 0xF7BD, 0xF7BD, 0xF7BD, 0xF7BD, 0xF7BD, 0xF7BD,
    0xF7BD, 0xF7BD, 0xF7BD, 0xF7BD, 0xF7BD, 0xF7BD, 0xF7BD, 0xF7BD, 0xF7BD, 0xF7BD, 0xF7BD, 0xF7BD,
    0xF7BD, 0xF7BD, 0xF7BD, 0xF7BD, 0xF7BD, 0xF7BD, 0xF7BD, 0xF7BD, 0xF7BD, 0xF7BD, 0xF7BD, 0xF7BD,
    0xF7BD, 0xF7BD, 0xF7BD, 0xF7BD, 0xF7BD, 0xF7BD, 0xF7BD, 0xF7BD, 0xF7BD, 0xF7BD, 0xF7BD, 0xF7BD,
    0xF7BD, 0xF7BD, 0xF7BD, 0xF7BD, 0xF7BD, 0xF7BD, 0xF7BD, 0xF7BD, 0xF7BD, 0xF7BD, 0xF7BD, 0xF7BD,
    0xF7BD, 0xF7BD, 0xF7BD, 0xF7BD, 0xF7BD, 0xF7BD, 0xF7BD, 0xF7BD, 0xF7BD, 0xF7BD, 0xF7BD, 0xF7BD,
    0xF7BD, 0xF7BD, 0xF7BD, 0xF7BD, 0xF7BD, 0xF7BD, 0xF7BD, 0xF7BD, 0xF7BD, 0xF7BD, 0xF7BD, 0xF7BD,
    0xF7BD, 0xF7BD, 0xF7BD, 0xF7BD, 0xF7BD, 0xF7BD, 0xF7BD, 0xF7BD, 0xF7BD, 0xF7BD, 0xF7BD, 0xF7BD,
    0xF7BD, 0xF7BD, 0xF7BD, 0xF7BD, 0xF7BD, 0xF7BD, 0xF7BD, 0xF7BD, 0xF7BD, 0xF7BD, 0xF7BD, 0xF7BD,
    0xF7BD, 0xF7BD, 0xF7BD, 0xF7BD, 0xF7BD, 0xF7BD, 0xF7BD, 0xF7BD, 0xF7BD, 0xF7BD, 0xF7BD, 0xF7BD,
    0xF7BD, 0xF7BD, 0xF7BD, 0xF7BD, 0xF7BD, 0xF7BD, 0xF7BD, 0xF7BD, 0xF7BD, 0xF7BD, 0xF7BD, 0xF7BD,
    0xF7BD, 0xF7BD, 0xF7BD, 0xF7BD, 0xF7BD, 0xF7BD, 0xF7BD, 0xF7BD, 0xF7BD, 0x54CE, 0x0367, 0x0367,
    0x0367, 0x0367, 0x0367, 0x0367, 0x0367, 0x0367, 0x344B, 0xF7BD, 0xF7BD, 0xF7BD, 0xF7BD, 0xF7BD,
    0xF7BD, 0xF7BD, 0xF7BD, 0xF7BD, 0xF7BD, 0xF7BD, 0xF7BD, 0xF7BD, 0xF7BD, 0xF7BD, 0xF7BD, 0xF7BD,
    0xF7BD, 0xF7BD, 0xF7BD, 0xF7BD, 0xF7BD, 0xF7BD, 0xF7BD, 0xF7BD, 0xF7BD, 0x9E14, 0x0367, 0x0367,
    0x0367, 0x0367, 0x0367, 0x0367, 0x0367, 0x0367, 0x0367, 0xC6B8, 0xF7BD, 0xF7BD, 0xF7BD, 0xF7BD,
    0xF7BD, 0xF7BD, 0xF7BD, 0xF7BD, 0xF7BD, 0xF7BD, 0xF7BD, 0xF7BD, 0xF7BD, 0xF7BD, 0xF7BD, 0xF7BD,
    0xF7BD, 0xF7BD, 0xF7BD, 0xF7BD, 0xF7BD, 0xF7BD, 0xF7BD, 0xF7BD, 0xF7BD, 0xF7BD, 0xF7BD, 0xF7BD,
    0xF7BD, 0xF7BD, 0xF7BD, 0xF7BD, 0xF7BD, 0xF7BD, 0xF7BD, 0xF7BD, 0xF7BD, 0xF7BD, 0xF7BD, 0xF7BD,
    0xF7BD, 0xF7BD, 0xF7BD, 0xF7BD, 0xF7BD, 0xF7BD, 0xF7BD, 0xF7BD, 0xF7BD, 0xF7BD, 0xF7BD, 0xF7BD,
    0xF7BD, 0xF7BD, 0xF7BD, 0xF7BD, 0xF7BD, 0xF7BD, 0xF7BD, 0xF7BD, 0xF7BD, 0xF7BD, 0xF7BD, 0xF7BD,
    0xF7BD, 0xF7BD, 0xF7BD, 0xF7BD, 0xF7BD, 0xF7BD, 0xF7BD, 0xF7BD, 0xF7BD, 0xF7BD, 0xF7BD, 0xF7BD,
    0xF7BD, 0xF7BD, 0xF7BD, 0xF7BD, 0xF7BD, 0xF7BD, 0xF7BD, 0xF7BD, 0xF7BD, 0xF7BD, 0xF7BD, 0xF7BD,
    0xF7BD, 0xF7BD, 0xF7BD, 0xF7BD, 0xF7BD, 0xF7BD, 0xF7BD, 0xF7BD, 0xF7BD, 0xF7BD, 0xF7BD, 0xF7BD,
    0xF7BD, 0xF7BD, 0xF7BD, 0xF7BD, 0xF7BD, 0xF7BD, 0xF7BD, 0xF7BD, 0xF7BD, 0xF7BD, 0xF7BD, 0xF7BD,
    0xF7BD, 0xF7BD, 0xF7BD, 0xF7BD, 0xF7BD, 0xF7BD, 0xF7BD, 0xF7BD, 0xF7BD, 0xF7BD, 0xF7BD, 0xF7BD,
    0xF7BD, 0xF7BD, 0xF7BD, 0xF7BD, 0xF7BD, 0xF7BD, 0xF7BD, 0xF7BD, 0xF7BD, 0xF7BD, 0xF7BD, 0xF7BD,
    0xF7BD, 0xF7BD, 0xF7BD, 0xF7BD, 0xF7BD, 0xF7BD, 0xF7BD, 0xF7BD, 0xF7BD, 0xF7BD, 0xF7BD, 0xF7BD,
    0xF7BD, 0xF7BD, 0xF7BD, 0xF7BD, 0xF7BD, 0xF7BD, 0xF7BD, 0xF7BD, 0xF7BD, 0xF7BD, 0xF7BD, 0xF7BD,
    0xF7BD, 0xF7BD, 0xF7BD, 0xF7BD, 0xF7BD, 0xF7BD, 0xF7BD, 0xF7BD, 0xF7BD, 0xF7BD, 0xF7BC, 0x13A9,
    0x0367, 0x0367, 0x0367, 0x0367, 0x0367, 0x0367, 0x0367, 0x0367, 0x6D51, 0xF7BD, 0xF7BD, 0xF7BD,
    0xF7BD, 0xF7BD, 0xF7BD, 0xF7BD, 0xF7BD, 0xF7BD, 0xF7BD, 0xF7BD, 0xF7BD, 0xF7BD, 0xF7BD, 0xF7BD,
    0xF7BD, 0xF7BD, 0xF7BD, 0xF7BD, 0xF7BD, 0xF7BD, 0xF7BD, 0xF7BD, 0xF7BD, 0xF7BD, 0xF7BD, 0x54EE,
    0x0367, 0x0367, 0x0367, 0x0367, 0x0367, 0x0367, 0x0367, 0x0367, 0x0B88, 0xF79C, 0xF7BD, 0xF7BD,
    0xF7BD, 0xF7BD, 0xF7BD, 0xF7BD, 0xF7BD, 0xF7BD, 0xF7BD, 0xF7BD, 0xF7BD, 0xF7BD, 0xF7BD, 0xF7BD,
    0xF7BD, 0xF7BD, 0xF7BD, 0xF7BD, 0xF7BD, 0xF7BD, 0xF7BD, 0xF7BD, 0xF7BD, 0xF7BD, 0xF7BD, 0xF7BD,
    0xF7BD, 0xF7BD, 0xF7BD, 0xF7BD, 0xF7BD, 0xF7BD, 0xF7BD, 0xF7BD, 0xF7BD, 0xF7BD, 0xF7BD, 0xF7BD,
    0xF7BD, 0xF7BD, 0xF7BD, 0xF7BD, 0xF7BD, 0xF7BD, 0xF7BD, 0xF7BD, 0xF7BD, 0xF7BD, 0xF7BD, 0xF7BD,
    0xF7BD, 0xF7BD, 0xF7BD, 0xF7BD, 0xF7BD, 0xF7BD, 0xF7BD, 0xF7BD, 0xF7BD, 0xF7BD, 0xF7BD, 0xF7BD,
    0xF7BD, 0xF7BD, 0xF7BD, 0xF7BD, 0xF7BD, 0xF7BD, 0xF7BD, 0xF7BD, 0xF7BD, 0xF7BD, 0xF7BD, 0xF7BD,
    0xF7BD, 0xF7BD, 0xF7BD, 0xF7BD, 0xF7BD, 0xF7BD, 0xF7BD, 0xF7BD, 0xF7BD, 0xF7BD, 0xF7BD, 0xF7BD,
    0xF7BD, 0xF7BD, 0xF7BD, 0xF7BD, 0xF7BD, 0xF7BD, 0xF7BD, 0xF7BD, 0xF7BD, 0xF7BD, 0xF7BD, 0xF7BD,
    0xF7BD, 0xF7BD, 0xF7BD, 0xF7BD, 0xF7BD, 0xF7BD, 0xF7BD, 0xF7BD, 0xF7BD, 0xF7BD, 0xF7BD, 0xF7BD,
    0xF7BD, 0xF7BD, 0xF7BD, 0xF7BD, 0xF7BD, 0xF7BD, 0xF7BD, 0xF7BD, 0xF7BD, 0xF7BD, 0xF7BD, 0xF7BD,
    0xF7BD, 0xF7BD, 0xF7BD, 0xF7BD, 0xF7BD, 0xF7BD, 0xF7BD, 0xF7BD, 0xF7BD, 0xF7BD, 0xF7BD, 0xF7BD,
    0xF7BD, 0xF7BD, 0xF7BD, 0xF7BD, 0xF7BD, 0xF7BD, 0xF7BD, 0xF7BD, 0xF7BD, 0xF7BD, 0xF7BD, 0xF7BD,
    0xF7BD, 0xF7BD, 0xF7BD, 0xF7BD, 0xF7BD, 0xF7BD, 0xF7BD, 0xF7BD, 0xF7BD, 0xF7BD, 0xF7BD, 0xF7BD,
    0xF7BD, 0xF7BD, 0xF7BD, 0xF7BD, 0xF7BD, 0xF7BD, 0xF7BD, 0xF7BD, 0xF7BD, 0xF7BD, 0xF7BD, 0xF7BD,
    0xCEF9, 0x0367, 0x0367, 0x0367, 0x0367, 0x0367, 0x0367, 0x0367, 0x0367, 0x0367, 0xAE76, 0xF7BD,
    0xF7BD, 0xF7BD, 0xF7BD, 0xF7BD, 0xF7BD, 0xF7BD, 0xF7BD, 0xF7BD, 0xF7BD, 0xF7BD, 0xF7BD, 0xF7BD,
    0xF7BD, 0xF7BD, 0xF7BD, 0xF7BD, 0xF7BD, 0xF7BD, 0xF7BD, 0xF7BD, 0xF7BD, 0xF7BD, 0xF7BD, 0xF7BD,
    0xF7BC, 0x13A9, 0x0367, 0x0367, 0x0367, 0x0367, 0x0367, 0x0367, 0x0367, 0x0367, 0x448D, 0xF7BD,
    0xF7BD, 0xF7BD, 0xF7BD, 0xF7BD, 0xF7BD, 0xF7BD, 0xF7BD, 0xF7BD, 0xF7BD, 0xF7BD, 0xF7BD, 0xF7BD,
    0xF7BD, 0xF7BD, 0xF7BD, 0xF7BD, 0xF7BD, 0xF7BD, 0xF7BD, 0xF7BD, 0xF7BD, 0xF7BD, 0xF7BD, 0xF7BD,
    0xF7BD, 0xF7BD, 0xF7BD, 0xF7BD, 0xF7BD, 0xF7BD, 0xF7BD, 0xF7BD, 0xF7BD, 0xF7BD, 0xF7BD, 0xF7BD,
    0xF7BD, 0xF7BD, 0xF7BD, 0xF7BD, 0xF7BD, 0xF7BD, 0xF7BD, 0xF7BD, 0xF7BD, 0xF7BD, 0xF7BD, 0xF7BD,
    0xF7BD, 0xF7BD, 0xF7BD, 0xF7BD, 0xF7BD, 0xF7BD, 0xF7BD, 0xF7BD, 0xF7BD, 0xF7BD, 0xF7BD, 0xF7BD,
    0xF7BD, 0xF7BD, 0xF7BD, 0xF7BD, 0xF7BD, 0xF7BD, 0xF7BD, 0xF7BD, 0xF7BD, 0xF7BD, 0xF7BD, 0xF7BD,
    0xF7BD, 0xF7BD, 0xF7BD, 0xF7BD, 0xF7BD, 0xF7BD, 0xF7BD, 0xF7BD, 0xF7BD, 0xF7BD, 0xF7BD, 0xF7BD,
    0xF7BD, 0xF7BD, 0xF7BD, 0xF7BD, 0xF7BD, 0xF7BD, 0xF7BD, 0xF7BD, 0xF7BD, 0xF7BD, 0xF7BD, 0xF7BD,
    0xF7BD, 0xF7BD, 0xF7BD, 0xF7BD, 0xF7BD, 0xF7BD, 0xF7BD, 0xF7BD, 0xF7BD, 0xF7BD, 0xF7BD, 0xF7BD,
    0xF7BD, 0xF7BD, 0xF7BD, 0xF7BD, 0xF7BD, 0xF7BD, 0xF7BD, 0xF7BD, 0xF7BD, 0xF7BD, 0xF7BD, 0xF7BD,
    0xF7BD, 0xF7BD, 0xF7BD, 0xF7BD, 0xF7BD, 0xF7BD, 0xF7BD, 0xF7BD, 0xF7BD, 0xF7BD, 0xF7BD, 0xF7BD,
    0xF7BD, 0xF7BD, 0xF7BD, 0xF7BD, 0xF7BD, 0xF7BD, 0xF7BD, 0xF7BD, 0xF7BD, 0xF7BD, 0xF7BD, 0xF7BD,
    0xF7BD, 0xF7BD, 0xF7BD, 0xF7BD, 0xF7BD, 0xF7BD, 0xF7BD, 0xF7BD, 0xF7BD, 0xF7BD, 0xF7BD, 0xF7BD,
    0xF7BD, 0xF7BD, 0xF7BD, 0xF7BD, 0xF7BD, 0xF7BD, 0xF7BD, 0xF7BD, 0xF7BD, 0xF7BD, 0xF7BD, 0xF7BD,
    0xF7BD, 0xF7BD, 0x8DD3, 0x0367, 0x0367, 0x0367, 0x0367, 0x0367, 0x0367, 0x0367, 0x0367, 0x0367,
    0xEF7B, 0xF7BD, 0xF7BD, 0xF7BD, 0xF7BD, 0xF7BD, 0xF7BD, 0xF7BD, 0xF7BD, 0xF7BD, 0xF7BD, 0xF7BD,
    0xF7BD, 0xF7BD, 0xF7BD, 0xF7BD, 0xF7BD, 0xF7BD, 0xF7BD, 0xF7BD, 0xF7BD, 0xF7BD, 0xF7BD, 0xF7BD,
    0xF7BD, 0xF7BD, 0xCED8, 0x0367, 0x0367, 0x0367, 0x0367, 0x0367, 0x0367, 0x0367, 0x0367, 0x0367,
    0x7D92, 0xF7BD, 0xF7BD, 0xF7BD, 0xF7BD, 0xF7BD, 0xF7BD, 0xF7BD, 0xF7BD, 0xF7BD, 0xF7BD, 0xF7BD,
    0xF7BD, 0xF7BD, 0xF7BD, 0xF7BD, 0xF7BD, 0xF7BD, 0xF7BD, 0xF7BD, 0xF7BD, 0xF7BD, 0xF7BD, 0xF7BD,
    0xF7BD, 0xF7BD, 0xF7BD, 0xF7BD, 0xF7BD, 0xF7BD, 0xF7BD, 0xF7BD, 0xF7BD, 0xF7BD, 0xF7BD, 0xF7BD,
    0xF7BD, 0xF7BD, 0xF7BD, 0xF7BD, 0xF7BD, 0xF7BD, 0xF7BD, 0xF7BD, 0xF7BD, 0xF7BD, 0xF7BD, 0xF7BD,
    0xF7BD, 0xF7BD, 0xF7BD, 0xF7BD, 0xF7BD, 0xF7BD, 0xF7BD, 0xF7BD, 0xF7BD, 0xF7BD, 0xF7BD, 0xF7BD,
    0xF7BD, 0xF7BD, 0xF7BD, 0xF7BD, 0xF7BD, 0xF7BD, 0xF7BD, 0xF7BD, 0xF7BD, 0xF7BD, 0xF7BD, 0xF7BD,
    0xF7BD, 0xF7BD, 0xF7BD, 0xF7BD, 0xF7BD, 0xF7BD, 0xF7BD, 0xF7BD, 0xF7BD, 0xF7BD, 0xF7BD, 0xF7BD,
    0xF7BD, 0xF7BD, 0xF7BD, 0xF7BD, 0xF7BD, 0xF7BD, 0xF7BD, 0xF7BD, 0xF7BD, 0xF7BD, 0xF7BD, 0xF7BD,
    0xF7BD, 0xF7BD, 0xF7BD, 0xF7BD, 0xF7BD, 0xF7BD, 0xF7BD, 0xF7BD, 0xF7BD, 0xF7BD, 0xF7BD, 0xF7BD,
    0xF7BD, 0xF7BD, 0xF7BD, 0xF7BD, 0xF7BD, 0xF7BD, 0xF7BD, 0xF7BD, 0xF7BD, 0xF7BD, 0xF7BD, 0xF7BD,
    0xF7BD, 0xF7BD, 0xF7BD, 0xF7BD, 0xF7BD, 0xF7BD, 0xF7BD, 0xF7BD, 0xF7BD, 0xF7BD, 0xF7BD, 0xF7BD,
    0xF7BD, 0xF7BD, 0xF7BD, 0xF7BD, 0xF7BD, 0xF7BD, 0xF7BD, 0xF7BD, 0xF7BD, 0xF7BD, 0xF7BD, 0xF7BD,
    0xF7BD, 0xF7BD, 0xF7BD, 0xF7BD, 0xF7BD, 0xF7BD, 0xF7BD, 0xF7BD, 0xF7BD, 0xF7BD, 0xF7BD, 0xF7BD,
    0xF7BD, 0xF7BD, 0xF7BD, 0xF7BD, 0xF7BD, 0xF7BD, 0xF7BD, 0xF7BD, 0xF7BD, 0xF7BD, 0xF7BD, 0xF7BD,
    0xF7BD, 0xF7BD, 0xF7BD, 0xF7BD, 0x4CCE, 0x0367, 0x0367, 0x0367, 0x0367, 0x0367, 0x0367, 0x0367,
    0x0367, 0x344B, 0xF7BD, 0xF7BD, 0xF7BD, 0xF7BD, 0xF7BD, 0xF7BD, 0xF7BD, 0xF7BD, 0xF7BD, 0xF7BD,
    0xF7BD, 0xF7BD, 0xF7BD, 0xF7BD, 0xF7BD, 0xF7BD, 0xF7BD, 0xF7BD, 0xF7BD, 0xF7BD, 0xF7BD, 0xF7BD,
    0xF7BD, 0xF7BD, 0xF7BD, 0xF7BD, 0x85B3, 0x0367, 0x0367, 0x0367, 0x0367, 0x0367, 0x0367, 0x0367,
    0x0367, 0x0367, 0xBEB7, 0xF7BD, 0xF7BD, 0xF7BD, 0xF7BD, 0xF7BD, 0xF7BD, 0xF7BD, 0xF7BD, 0xF7BD,
    0xF7BD, 0xF7BD, 0xF7BD, 0xF7BD, 0xF7BD, 0xF7BD, 0xF7BD, 0xF7BD, 0xF7BD, 0xF7BD, 0xF7BD, 0xF7BD,
    0xF7BD, 0xF7BD, 0xF7BD, 0xF7BD, 0xF7BD, 0xF7BD, 0xF7BD, 0xF7BD, 0xF7BD, 0xF7BD, 0xF7BD, 0xF7BD,
    0xF7BD, 0xF7BD, 0xF7BD, 0xF7BD, 0xF7BD, 0xF7BD, 0xF7BD, 0xF7BD, 0xF7BD, 0xF7BD, 0xF7BD, 0xF7BD,
    0xF7BD, 0xF7BD, 0xF7BD, 0xF7BD, 0xF7BD, 0xF7BD, 0xF7BD, 0xF7BD, 0xF7BD, 0xF7BD, 0xF7BD, 0xF7BD,
    0xF7BD, 0xF7BD, 0xF7BD, 0xF7BD, 0xF7BD, 0xF7BD, 0xF7BD, 0xF7BD, 0xF7BD, 0xF7BD, 0xF7BD, 0xF7BD,
    0xF7BD, 0xF7BD, 0xF7BD, 0xF7BD, 0xF7BD, 0xF7BD, 0xF7BD, 0xF7BD, 0xF7BD, 0xF7BD, 0xF7BD, 0xF7BD,
    0xF7BD, 0xF7BD, 0xF7BD, 0xF7BD, 0xF7BD, 0xF7BD, 0xF7BD, 0xF7BD, 0xF7BD, 0xF7BD, 0xF7BD, 0xF7BD,
    0xF7BD, 0xF7BD, 0xF7BD, 0xF7BD, 0xF7BD, 0xF7BD, 0xF7BD, 0xF7BD, 0xF7BD, 0xF7BD, 0xF7BD, 0xF7BD,
    0xF7BD, 0xF7BD, 0xF7BD, 0xF7BD, 0xF7BD, 0xF7BD, 0xF7BD, 0xF7BD, 0xF7BD, 0xF7BD, 0xF7BD, 0xF7BD,
    0xF7BD, 0xF7BD, 0xF7BD, 0xF7BD, 0xF7BD, 0xF7BD, 0xF7BD, 0xF7BD, 0xF7BD, 0xF7BD, 0xF7BD, 0xF7BD,
    0xF7BD, 0xF7BD, 0xF7BD, 0xF7BD, 0xF7BD, 0xF7BD, 0xF7BD, 0xF7BD, 0xF7BD, 0xF7BD, 0xF7BD, 0xF7BD,
    0xF7BD, 0xF7BD, 0xF7BD, 0xF7BD, 0xF7BD, 0xF7BD, 0xF7BD, 0xF7BD, 0xF7BD, 0xF7BD, 0xF7BD, 0xF7BD,
    0xF7BD, 0xF7BD, 0xF7BD, 0xF7BD, 0xF7BD, 0xF7BD, 0xF7BD, 0xF7BD, 0xF7BD, 0xF7BD, 0xF7BD, 0xF7BD,
    0xF7BD, 0xF7BD, 0xF7BD, 0xF7BD, 0xF7BD, 0xF7BC, 0x13A8, 0x0367, 0x0367, 0x0367, 0x0367, 0x0367,
    0x0367, 0x0367, 0x0367, 0x7571, 0xF7BD, 0xF7BD, 0xF7BD, 0xF7BD, 0xF7BD, 0xF7BD, 0xF7BD, 0xF7BD,
    0xF7BD, 0xF7BD, 0xF7BD, 0xF7BD, 0xF7BD, 0xF7BD, 0xF7BD, 0xF7BD, 0xF7BD, 0xF7BD, 0xF7BD, 0xF7BD,
    0xF7BD, 0xF7BD, 0xF7BD, 0xF7BD, 0xF7BD, 0xF7BD, 0x448D, 0x0367, 0x0367, 0x0367, 0x0367, 0x0367,
    0x0367, 0x0367, 0x0367, 0x0B88, 0xF79C, 0xF7BD, 0xF7BD, 0xF7BD, 0xF7BD, 0xF7BD, 0xF7BD, 0xF7BD,
    0xF7BD, 0xF7BD, 0xF7BD, 0xF7BD, 0xF7BD, 0xF7BD, 0xF7BD, 0xF7BD, 0xF7BD, 0xF7BD, 0xF7BD, 0xF7BD,
    0xF7BD, 0xF7BD, 0xF7BD, 0xF7BD, 0xF7BD, 0xF7BD, 0xF7BD, 0xF7BD, 0xF7BD, 0xF7BD, 0xF7BD, 0xF7BD,
    0xF7BD, 0xF7BD, 0xF7BD, 0xF7BD, 0xF7BD, 0xF7BD, 0xF7BD, 0xF7BD, 0xF7BD, 0xF7BD, 0xF7BD, 0xF7BD,
    0xF7BD, 0xF7BD, 0xF7BD, 0xF7BD, 0xF7BD, 0xF7BD, 0xF7BD, 0xF7BD, 0xF7BD, 0xF7BD, 0xF7BD, 0xF7BD,
    0xF7BD, 0xF7BD, 0xF7BD, 0xF7BD, 0xF7BD, 0xF7BD, 0xF7BD, 0xF7BD, 0xF7BD, 0xF7BD, 0xF7BD, 0xF7BD,
    0xF7BD, 0xF7BD, 0xF7BD, 0xF7BD, 0xF7BD, 0xF7BD, 0xF7BD, 0xF7BD, 0xF7BD, 0xF7BD, 0xF7BD, 0xF7BD,
    0xF7BD, 0xF7BD, 0xF7BD, 0xF7BD, 0xF7BD, 0xF7BD, 0xF7BD, 0xF7BD, 0xF7BD, 0xF7BD, 0xF7BD, 0xF7BD,
    0xF7BD, 0xF7BD, 0xF7BD, 0xF7BD, 0xF7BD, 0xF7BD, 0xF7BD, 0xF7BD, 0xF7BD, 0xF7BD, 0xF7BD, 0xF7BD,
    0xF7BD, 0xF7BD, 0xF7BD, 0xF7BD, 0xF7BD, 0xF7BD, 0xF7BD, 0xF7BD, 0xF7BD, 0xF7BD, 0xF7BD, 0xF7BD,
    0xF7BD, 0xF7BD, 0xF7BD, 0xF7BD, 0xF7BD, 0xF7BD, 0xF7BD, 0xF7BD, 0xF7BD, 0xF7BD, 0xF7BD, 0xF7BD,
    0xF7BD, 0xF7BD, 0xF7BD, 0xF7BD, 0xF7BD, 0xF7BD, 0xF7BD, 0xF7BD, 0xF7BD, 0xF7BD, 0xF7BD, 0xF7BD,
    0xF7BD, 0xF7BD, 0xF7BD, 0xF7BD, 0xF7BD, 0xF7BD, 0xF7BD, 0xF7BD, 0xF7BD, 0xF7BD, 0xF7BD, 0xF7BD,
    0xF7BD, 0xF7BD, 0xF7BD, 0xF7BD, 0xF7BD, 0xF7BD, 0xF7BD, 0xF7BD, 0xF7BD, 0xF7BD, 0xF7BD, 0xF7BD,
    0xF7BD, 0xF7BD, 0xF7BD, 0xF7BD, 0xF7BD, 0xF7BD, 0xF7BD, 0xCEF8, 0x0367, 0x0367, 0x0367, 0x0367,
    0x0367, 0x0367, 0x0367, 0x0367, 0x0367, 0xB676, 0xF7BD, 0xF7BD, 0xF7BD, 0xF7BD, 0xF7BD, 0xF7BD,
    0xF7BD, 0xF7BD, 0xF7BD, 0xF7BD, 0xF7BD, 0xF7BD, 0xF7BD, 0xF7BD, 0xF7BD, 0xF7BD, 0xF7BD, 0xF7BD,
    0xF7BD, 0xF7BD, 0xF7BD, 0xF7BD, 0xF7BD, 0xF7BD, 0xF7BD, 0xEF9C, 0x0B88, 0x0367, 0x0367, 0x0367,
    0x0367, 0x0367, 0x0367, 0x0367, 0x0367, 0x448D, 0xF7BD, 0xF7BD, 0xF7BD, 0xF7BD, 0xDF5A, 0xBEB7,
    0xAE76, 0xB697, 0xCEF9, 0xF79C, 0xF7BD, 0xF7BD, 0xF7BD, 0xF7BD, 0xF7BD, 0xF7BD, 0xF7BD, 0xF7BD,
    0xF7BD, 0xF7BD, 0xF7BD, 0xF7BD, 0xF7BD, 0xF7BD, 0xF7BD, 0xF7BD, 0xF7BD, 0xF7BD, 0xF7BD, 0xF79C,
    0xCEF8, 0xB697, 0xA635, 0xA655, 0xB697, 0xDF3A, 0xF7BD, 0xF7BD, 0xF7BC, 0xDF3A, 0xDF3A, 0xDF3A,
    0xDF3A, 0xDF3A, 0xDF3A, 0xDF3A, 0xDF3A, 0xDF3A, 0xE75B, 0xF7BD, 0xF7BD, 0xF7BD, 0xF7BD, 0xF79C,
    0xDF3A, 0xDF3A, 0xDF3A, 0xDF3A, 0xDF3A, 0xDF3A, 0xDF3A, 0xDF3A, 0xDF3A, 0xEF7B, 0xF7BD, 0xF7BD,
    0xF7BD, 0xF7BC, 0xD71A, 0xBE97, 0xAE56, 0xBE97, 0xD719, 0xF79C, 0xF7BD, 0xF7BD, 0xF7BD, 0xF7BD,
    0xF7BD, 0xF7BD, 0xF7BD, 0xF7BD, 0xF7BD, 0xF7BD, 0xDF3A, 0xDF3A, 0xDF3A, 0xDF3A, 0xDF3A, 0xDF3A,
    0xDF3A, 0xEF9C, 0xF7BD, 0xF7BD, 0xF7BD, 0xF7BD, 0xE75B, 0xDF3A, 0xDF3A, 0xDF3A, 0xDF3A, 0xDF3A,
    0xDF3A, 0xEF7B, 0xF7BD, 0xF7BD, 0xF7BD, 0xF7BD, 0xEF9C, 0xDF3A, 0xDF3A, 0xDF3A, 0xDF3A, 0xDF3A,
    0xDF3A, 0xDF3A, 0xF7BD, 0xF7BD, 0xF7BD, 0xF7BD, 0xF7BD, 0xF7BD, 0xF7BD, 0xF7BD, 0xF7BD, 0xF7BD,
    0xF7BD, 0xF7BD, 0xF7BD, 0xF7BD, 0xF7BD, 0xEF7B, 0xDF3A, 0xDF3A, 0xF79C, 0xF7BD, 0xF7BD, 0xF7BD,
    0xF7BD, 0xF7BD, 0xF7BD, 0xF7BD, 0xF7BD, 0xF7BD, 0xF7BD, 0xF7BD, 0xF7BD, 0xF7BD, 0xF7BD, 0xF7BD,
    0xF7BD, 0xF7BD, 0xF7BD, 0xF7BD, 0xF7BD, 0xF7BD, 0xF7BD, 0xEF7B, 0xDF3A, 0xDF3A, 0xF79C, 0xF7BD,
    0xF7BD, 0xF7BD, 0xF7BD, 0xF7BD, 0xF7BD, 0xF7BD, 0xF7BD, 0xF7BD, 0xF7BD, 0x8DD3, 0x0367, 0x0367,
    0x0367, 0x0367, 0x0367, 0x0367, 0x0367, 0x0367, 0x0367, 0xEF7C, 0xF7BD, 0xF7BD, 0xF7BD, 0xF7BD,
    0xF7BD, 0xF7BD, 0xF7BD, 0xF7BD, 0xF7BD, 0xF7BD, 0xF7BD, 0xF7BD, 0xF7BD, 0xF7BD, 0xF7BD, 0xF7BD,
    0xF7BD, 0xF7BD, 0xF7BD, 0xF7BD, 0xF7BD, 0xF7BD, 0xF7BD, 0xF7BD, 0xF7BD, 0xB697, 0x0367, 0x0367,
    0x0367, 0x0367, 0x0367, 0x0367, 0x0367, 0x0367, 0x0367, 0x7D92, 0xF7BD, 0xCEF9, 0x6D30, 0x1BE9,
    0x0367, 0x0367, 0x0367, 0x0367, 0x0367, 0x0387, 0x4CAD, 0xBEB7, 0xF7BD, 0xF7BD, 0xF7BD, 0xF7BD,
    0xF7BD, 0xF7BD, 0xF7BD, 0xF7BD, 0xF7BD, 0xF7BD, 0xF7BD, 0xF7BD, 0xF7BD, 0xF7BD, 0xDF3A, 0x85B3,
    0x346C, 0x0367, 0x0367, 0x0367, 0x0367, 0x0367, 0x0367, 0x0367, 0x2C2B, 0xB697, 0xC6D8, 0x0367,
    0x0367, 0x0367, 0x0367, 0x0367, 0x0367, 0x0367, 0x0367, 0x0367, 0x85B3, 0xF7BD, 0xF7BD, 0xF7BD,
    0xF7BD, 0x9E35, 0x0367, 0x0367, 0x0367, 0x0367, 0x0367, 0x0367, 0x0367, 0x0367, 0x0367, 0xAE56,
    0xF7BD, 0xBE97, 0x54EE, 0x0B88, 0x0367, 0x0367, 0x0367, 0x0367, 0x0367, 0x0BA8, 0x5CEF, 0xD719,
    0xF7BD, 0xF7BD, 0xF7BD, 0xF7BD, 0xF7BD, 0xF7BD, 0xF7BD, 0xDF3A, 0x0367, 0x0367, 0x0367, 0x0367,
    0x0367, 0x0367, 0x0367, 0xCEF9, 0xF7BD, 0xF7BD, 0xF7BD, 0xF7BD, 0x3C6C, 0x0367, 0x0367, 0x0367,
    0x0367, 0x0367, 0x0367, 0x9E35, 0xF7BD, 0xF7BD, 0xF7BD, 0xF7BD, 0x9E15, 0x0367, 0x0367, 0x0367,
    0x0367, 0x0367, 0x0367, 0x4CAD, 0xF7BD, 0xF7BD, 0xF7BD, 0xF7BD, 0xF7BD, 0xF7BD, 0xF7BD, 0xF7BD,
    0xF7BD, 0xF7BD, 0xF7BD, 0xD719, 0x85B3, 0x448D, 0x0BA8, 0x0367, 0x0367, 0x0367, 0x0367, 0x2C2B,
    0x7D92, 0xDF5A, 0xF7BD, 0xF7BD, 0xF7BD, 0xF7BD, 0xF7BD, 0xF7BD, 0xF7BD, 0xF7BD, 0xF7BD, 0xF7BD,
    0xF7BD, 0xF7BD, 0xF7BD, 0xF7BD, 0xF7BD, 0xD71A, 0x85B3, 0x448D, 0x13A8, 0x0367, 0x0367, 0x0367,
    0x0367, 0x2C0A, 0x7571, 0xDF3A, 0xF7BD, 0xF7BD, 0xF7BD, 0xF7BD, 0xF7BD, 0xF7BD, 0xF7BD, 0x4CAD,
    0x0367, 0x0367, 0x0367, 0x0367, 0x0367, 0x0367, 0x0367, 0x0367, 0x346C, 0xF7BD, 0xF7BD, 0xF7BD,
    0xF7BD, 0xF7BD, 0xF7BD, 0xF7BD, 0xF7BD, 0xF7BD, 0xF7BD, 0xF7BD, 0xF7BD, 0xF7BD, 0xF7BD, 0xF7BD,
    0xF7BD, 0xF7BD, 0xF7BD, 0xF7BD, 0xF7BD, 0xF7BD, 0xF7BD, 0xF7BD, 0xF7BD, 0xF7BD, 0xF7BD, 0x7551,
    0x0367, 0x0367, 0x0367, 0x0367, 0x0367, 0x0367, 0x0367, 0x0367, 0x0367, 0xB676, 0x6530, 0x0367,
    0x0367, 0x0367, 0x0367, 0x0367, 0x0367, 0x0367, 0x0367, 0x0367, 0x0367, 0x0367, 0x6D51, 0xF7BD,
    0xF7BD, 0xF7BD, 0xF7BD, 0xF7BD, 0xF7BD, 0xF7BD, 0xF7BD, 0xF7BD, 0xF7BD, 0xF7BD, 0xDF3A, 0x5D0F,
    0x0387, 0x0367, 0x0367, 0x0367, 0x0367, 0x0367, 0x0367, 0x0367, 0x0367, 0x0367, 0x0367, 0x0387,
    0x6530, 0x0367, 0x0367, 0x0367, 0x0367, 0x0367, 0x0367, 0x0367, 0x0367, 0x0367, 0xCEF9, 0xF7BD,
    0xF7BD, 0xF7BD, 0xF7BD, 0x5CEF, 0x0367, 0x0367, 0x0367, 0x0367, 0x0367, 0x0367, 0x0367, 0x0367,
    0x0367, 0xCEF9, 0x448D, 0x0367, 0x0367, 0x0367, 0x0367, 0x0367, 0x0367, 0x0367, 0x0367, 0x0367,
    0x0367, 0x0387, 0xA635, 0xF7BD, 0xF7BD, 0xF7BD, 0xF7BD, 0xF7BD, 0xF7BD, 0xAE56, 0x0367, 0x0367,
    0x0367, 0x0367, 0x0367, 0x0367, 0x0BA8, 0xF79C, 0xF7BD, 0xF7BD, 0xF7BD, 0xF79C, 0x0B88, 0x0367,
    0x0367, 0x0367, 0x0367, 0x0367, 0x0367, 0xD719, 0xF7BD, 0xF7BD, 0xF7BD, 0xF7BD, 0x6530, 0x0367,
    0x0367, 0x0367, 0x0367, 0x0367, 0x0367, 0x85B2, 0xF7BD, 0xF7BD, 0xF7BD, 0xF7BD, 0xF7BD, 0xF7BD,
    0xF7BD, 0xF7BD, 0xF7BC, 0xAE56, 0x3C6C, 0x0367, 0x0367, 0x0367, 0x0367, 0x0367, 0x0367, 0x0367,
    0x0367, 0x0367, 0x0367, 0x0B88, 0x95F4, 0xF7BD, 0xF7BD, 0xF7BD, 0xF7BD, 0xF7BD, 0xF7BD, 0xF7BD,
    0xF7BD, 0xF7BD, 0xF7BD, 0xF7BD, 0xF7BD, 0xB676, 0x3C6C, 0x0367, 0x0367, 0x0367, 0x0367, 0x0367,
    0x0367, 0x0367, 0x0367, 0x0367, 0x0367, 0x0387, 0x85B3, 0xF7BC, 0xF7BD, 0xF7BD, 0xF7BD, 0xF7BD,
    0xF79C, 0x0BA8, 0x0367, 0x0367, 0x0367, 0x0367, 0x0367, 0x0367, 0x0367, 0x0367, 0x7571, 0xF7BD,
    0xF7BD, 0xF7BD, 0xF7BD, 0xF7BD, 0xF7BD, 0xF7BD, 0xF7BD, 0xF7BD, 0xF7BD, 0xF7BD, 0xF7BD, 0xF7BD,
    0xF7BD, 0xF7BD, 0xF7BD, 0xF7BD, 0xF7BD, 0xF7BD, 0xF7BD, 0xF7BD, 0xF7BD, 0xF7BD, 0xF7BD, 0xF7BD,
    0xF7BD, 0x2C2B, 0x0367, 0x0367, 0x0367, 0x0367, 0x0367, 0x0367, 0x0367, 0x0367, 0x0367, 0x1BEA,
    0x0367, 0x0367, 0x0367, 0x0367, 0x0367, 0x0367, 0x0367, 0x0367, 0x0367, 0x0367, 0x0367, 0x0367,
    0x0367, 0x9E15, 0xF7BD, 0xF7BD, 0xF7BD, 0xF7BD, 0xF7BD, 0xF7BD, 0xF7BD, 0xF7BD, 0xF7BD, 0x95F4,
    0x0BA8, 0x0367, 0x0367, 0x0367, 0x0367, 0x0367, 0x0367, 0x0367, 0x0367, 0x0367, 0x0B88, 0x0B88,
    0x0367, 0x0367, 0x0387, 0x0367, 0x0367, 0x0367, 0x0367, 0x0367, 0x0367, 0x0367, 0x0367, 0x13C9,
    0xF7BC, 0xF7BD, 0xF7BD, 0xF7BD, 0xF7BC, 0x13C9, 0x0367, 0x0367, 0x0367, 0x0367, 0x0367, 0x0367,
    0x0367, 0x0367, 0x0BA8, 0x0BA8, 0x0367, 0x0367, 0x0367, 0x0367, 0x0367, 0x0367, 0x0367, 0x0367,
    0x0367, 0x0367, 0x0367, 0x0367, 0x0387, 0xCF19, 0xF7BD, 0xF7BD, 0xF7BD, 0xF7BD, 0xF7BD, 0x7571,
    0x0367, 0x0367, 0x0367, 0x0367, 0x0367, 0x0367, 0x3C6C, 0xF7BD, 0xF7BD, 0xF7BD, 0xF7BD, 0xCEF9,
    0x0367, 0x0367, 0x0367, 0x0367, 0x0367, 0x0367, 0x0BA8, 0xF7BC, 0xF7BD, 0xF7BD, 0xF7BD, 0xF7BD,
    0x344C, 0x0367, 0x0367, 0x0367, 0x0367, 0x0367, 0x0367, 0xB676, 0xF7BD, 0xF7BD, 0xF7BD, 0xF7BD,
    0xF7BD, 0xF7BD, 0xF7BD, 0xC6D8, 0x3C6C, 0x0367, 0x0367, 0x0367, 0x0367, 0x0367, 0x0367, 0x0367,
    0x0367, 0x0367, 0x0367, 0x0367, 0x0367, 0x0367, 0x0367, 0x7D92, 0xF7BD, 0xF7BD, 0xF7BD, 0xF7BD,
    0xF7BD, 0xF7BD, 0xF7BD, 0xF7BD, 0xF7BD, 0xCEF9, 0x3C6C, 0x0367, 0x0367, 0x0367, 0x0367, 0x0367,
    0x0367, 0x0367, 0x0367, 0x0367, 0x0367, 0x0367, 0x0367, 0x0367, 0x0367, 0x6D51, 0xF7BD, 0xF7BD,
    0xF7BD, 0xF7BD, 0xC6D8, 0x0367, 0x0367, 0x0367, 0x0367, 0x0367, 0x0367, 0x0367, 0x0367, 0x0367,
    0xB697, 0xF7BD, 0xF7BD, 0xF7BD, 0xF7BD, 0xF7BD, 0xF7BD, 0xF7BD, 0xF7BD, 0xF7BD, 0xF7BD, 0xF7BD,
    0xF7BD, 0xF7BD, 0xF7BD, 0xF7BD, 0xF7BD, 0xF7BD, 0xF7BD, 0xF7BD, 0xF7BD, 0xF7BD, 0xF7BD, 0xF7BD,
    0xF7BD, 0xF7BD, 0xE75B, 0x0367, 0x0367, 0x0367, 0x0367, 0x0367, 0x0367, 0x0367, 0x0367, 0x0367,
    0x0367, 0x0367, 0x0367, 0x0367, 0x0367, 0x0367, 0x0367, 0x0367, 0x0367, 0x0367, 0x0367, 0x0367,
    0x0367, 0x0367, 0x0367, 0x344B, 0xF7BD, 0xF7BD, 0xF7BD, 0xF7BD, 0xF7BD, 0xF7BD, 0xF7BD, 0xF79C,
    0x5CEF, 0x0367, 0x0367, 0x0367, 0x0367, 0x0367, 0x0367, 0x0367, 0x0367, 0x0387, 0x7571, 0xD71A,
    0xF7BD, 0xF7BC, 0xB697, 0x13A8, 0x0367, 0x0367, 0x0367, 0x0367, 0x0367, 0x0367, 0x0367, 0x0367,
    0x0367, 0x5CEF, 0xF7BD, 0xF7BD, 0xF7BD, 0xF7BD, 0xCEF9, 0x0367, 0x0367, 0x0367, 0x0367, 0x0367,
    0x0367, 0x0367, 0x0367, 0x0367, 0x0367, 0x0367, 0x0367, 0x0367, 0x0367, 0x0367, 0x0367, 0x0367,
    0x0367, 0x0367, 0x0367, 0x0367, 0x0367, 0x0367, 0x0367, 0x6510, 0xF7BD, 0xF7BD, 0xF7BD, 0xF7BD,
    0xF7BD, 0x448D, 0x0367, 0x0367, 0x0367, 0x0367, 0x0367, 0x0367, 0x6D51, 0xF7BD, 0xF7BD, 0xF7BD,
    0xF7BD, 0x9E14, 0x0367, 0x0367, 0x0367, 0x0367, 0x0367, 0x0367, 0x448D, 0xF7BD, 0xF7BD, 0xF7BD,
    0xF7BD, 0xF79C, 0x0387, 0x0367, 0x0367, 0x0367, 0x0367, 0x0367, 0x0367, 0xE75B, 0xF7BD, 0xF7BD,
    0xF7BD, 0xF7BD, 0xF7BD, 0xF7BC, 0x85B2, 0x0367, 0x0367, 0x0367, 0x0367, 0x0367, 0x0367, 0x0367,
    0x0367, 0x0367, 0x0367, 0x0367, 0x0367, 0x0367, 0x0367, 0x0367, 0x0367, 0x0367, 0xBE97, 0xF7BD,
    0xF7BD, 0xF7BD, 0xF7BD, 0xF7BD, 0xF7BD, 0xF7BC, 0x8DD3, 0x0387, 0x0367, 0x0367, 0x0367, 0x0367,
    0x0367, 0x0367, 0x0367, 0x0367, 0x0367, 0x0367, 0x0367, 0x0367, 0x0367, 0x0367, 0x0367, 0x0367,
    0xAE56, 0xF7BD, 0xF7BD, 0xF7BD, 0x85D3, 0x0367, 0x0367, 0x0367, 0x0367, 0x0367, 0x0367, 0x0367,
    0x0367, 0x0387, 0xEF7C, 0xF7BD, 0xF7BD, 0xF7BD, 0xF7BD, 0xF7BD, 0xF7BD, 0xF7BD, 0xF7BD, 0xF7BD,
    0xF7BD, 0xF7BD, 0xF7BD, 0xF7BD, 0xF7BD, 0xF7BD, 0xF7BD, 0xF7BD, 0xF7BD, 0xF7BD, 0xF7BD, 0xF7BD,
    0xF7BD, 0xF7BD, 0xF7BD, 0xF7BD, 0xA635, 0x0367, 0x0367, 0x0367, 0x0367, 0x0367, 0x0367, 0x0367,
    0x0367, 0x0367, 0x0367, 0x0367, 0x1BE9, 0x6D50, 0x85B3, 0x448D, 0x0367, 0x0367, 0x0367, 0x0367,
    0x0367, 0x0367, 0x0367, 0x0367, 0x0367, 0x0367, 0xEF7C, 0xF7BD, 0xF7BD, 0xF7BD, 0xF7BD, 0xF7BD,
    0xF79C, 0x4CAD, 0x0367, 0x0367, 0x0367, 0x0367, 0x0367, 0x0367, 0x0367, 0x0367, 0x1BE9, 0xCEF9,
    0xF7BD, 0xF7BD, 0xF7BD, 0xF7BD, 0xF7BD, 0x7D92, 0x0367, 0x0367, 0x0367, 0x0367, 0x0367, 0x0367,
    0x0367, 0x0367, 0x0367, 0x9E15, 0xF7BD, 0xF7BD, 0xF7BD, 0xF7BD, 0x8DD3, 0x0367, 0x0367, 0x0367,
    0x0367, 0x0367, 0x0367, 0x0367, 0x0367, 0x0367, 0x0367, 0x0367, 0x2C2B, 0x7D92, 0x7D92, 0x2C2B,
    0x0367, 0x0367, 0x0367, 0x0367, 0x0367, 0x0367, 0x0367, 0x0367, 0x0367, 0x2C0A, 0xF7BD, 0xF7BD,
    0xF7BD, 0xF7BD, 0xF7BD, 0x13A9, 0x0367, 0x0367, 0x0367, 0x0367, 0x0367, 0x0367, 0xA635, 0xF7BD,
    0xF7BD, 0xF7BD, 0xF7BD, 0x6530, 0x0367, 0x0367, 0x0367, 0x0367, 0x0367, 0x0367, 0x7571, 0xF7BD,
    0xF7BD, 0xF7BD, 0xF7BD, 0xC6D8, 0x0367, 0x0367, 0x0367, 0x0367, 0x0367, 0x0367, 0x23EA, 0xF7BD,
    0xF7BD, 0xF7BD, 0xF7BD, 0xF7BD, 0xEF7C, 0x4CAE, 0x0367, 0x0367, 0x0367, 0x0367, 0x0367, 0x0367,
    0x0367, 0x0367, 0x0367, 0x0367, 0x0367, 0x0367, 0x0367, 0x0367, 0x0367, 0x0367, 0x0367, 0x0367,
    0x3C6C, 0xF7BD, 0xF7BD, 0xF7BD, 0xF7BD, 0xF7BD, 0xF79C, 0x54EE, 0x0367, 0x0367, 0x0367, 0x0367,
    0x0367, 0x0367, 0x0367, 0x0367, 0x0367, 0x0367, 0x0367, 0x0367, 0x0367, 0x0367, 0x0367, 0x0367,
    0x0367, 0x0367, 0x2C2B, 0xF7BD, 0xF7BD, 0xF7BD, 0x448D, 0x0367, 0x0367, 0x0367, 0x0367, 0x0367,
    0x0367, 0x0367, 0x0367, 0x3C6C, 0xF7BD, 0xF7BD, 0xF7BD, 0xF7BD, 0xF7BD, 0xF7BD, 0xF7BD, 0xF7BD,
    0xF7BD, 0xF7BD, 0xF7BD, 0xF7BD, 0xF7BD, 0xF7BD, 0xF7BD, 0xF7BD, 0xF7BD, 0xF7BD, 0xF7BD, 0xF7BD,
    0xF7BD, 0xF7BD, 0xF7BD, 0xF7BD, 0xF7BD, 0xF7BD, 0x5D0F, 0x0367, 0x0367, 0x0367, 0x0367, 0x0367,
    0x0367, 0x0367, 0x0367, 0x0367, 0x0367, 0x6530, 0xEF9C, 0xF7BD, 0xF7BD, 0xF7BD, 0x4CCE, 0x0367,
    0x0367, 0x0367, 0x0367, 0x0367, 0x0367, 0x0367, 0x0367, 0x0367, 0xDF3A, 0xF7BD, 0xF7BD, 0xF7BD,
    0xF7BD, 0xF7BD, 0x5CEF, 0x0367, 0x0367, 0x0367, 0x0367, 0x0367, 0x0367, 0x0367, 0x0367, 0x13C9,
    0xDF3A, 0xF7BD, 0xF7BD, 0xF7BD, 0xF7BD, 0xF7BD, 0xF7BD, 0x6D30, 0x0367, 0x0367, 0x0367, 0x0367,
    0x0367, 0x0367, 0x0367, 0x0367, 0x0367, 0xDF5A, 0xF7BD, 0xF7BD, 0xF7BD, 0xF7BD, 0x448D, 0x0367,
    0x0367, 0x0367, 0x0367, 0x0367, 0x0367, 0x0367, 0x0367, 0x0367, 0x0367, 0x95F4, 0xF7BC, 0xF7BD,
    0xF7BD, 0xEF7C, 0x1BEA, 0x0367, 0x0367, 0x0367, 0x0367, 0x0367, 0x0367, 0x0367, 0x0367, 0x13A9,
    0xF7BD, 0xF7BD, 0xF7BD, 0xF7BD, 0xD71A, 0x0367, 0x0367, 0x0367, 0x0367, 0x0367, 0x0367, 0x0367,
    0xD719, 0xF7BD, 0xF7BD, 0xF7BD, 0xF7BD, 0x344C, 0x0367, 0x0367, 0x0367, 0x0367, 0x0367, 0x0367,
    0xA635, 0xF7BD, 0xF7BD, 0xF7BD, 0xF7BD, 0x95F4, 0x0367, 0x0367, 0x0367, 0x0367, 0x0367, 0x0367,
    0x54CE, 0xF7BD, 0xF7BD, 0xF7BD, 0xF7BD, 0xEF7C, 0x3C6C, 0x0367, 0x0367, 0x0367, 0x0367, 0x0367,
    0x0367, 0x0367, 0x0367, 0x0367, 0x0367, 0x0367, 0x0367, 0x0367, 0x0367, 0x13C9, 0xBEB7, 0x5CEF,
    0x0367, 0x0367, 0x0367, 0xD71A, 0xF7BD, 0xF7BD, 0xF7BD, 0xF79C, 0x4CAD, 0x0367, 0x0367, 0x0367,
    0x0367, 0x0367, 0x0367, 0x0367, 0x0367, 0x0367, 0x0367, 0x0367, 0x0367, 0x0367, 0x0367, 0x0BA8,
    0xB676, 0x6D30, 0x0367, 0x0367, 0x0367, 0xCED8, 0xF7BD, 0xF79C, 0x0B88, 0x0367, 0x0367, 0x0367,
    0x0367, 0x0367, 0x0367, 0x0367, 0x0367, 0x7D92, 0xF7BD, 0xF7BD, 0xF7BD, 0xF7BD, 0xF7BD, 0xF7BD,
    0xF7BD, 0xF7BD, 0xF7BD, 0xF7BD, 0xF7BD, 0xF7BD, 0xF7BD, 0xF7BD, 0xF7BD, 0xF7BD, 0xF7BD, 0xF7BD,
    0xF7BD, 0xF7BD, 0xF7BD, 0xF7BD, 0xF7BD, 0xF7BD, 0xF7BD, 0xF7BD, 0x1BE9, 0x0367, 0x0367, 0x0367,
    0x0367, 0x0367, 0x0367, 0x0367, 0x0367, 0x0367, 0x5CEF, 0xF7BC, 0xF7BD, 0xF7BD, 0xF7BD, 0xF7BD,
    0x9614, 0x0367, 0x0367, 0x0367, 0x0367, 0x0367, 0x0367, 0x0367, 0x0367, 0x0367, 0xEF7B, 0xF7BD,
    0xF7BD, 0xF7BD, 0xF7BD, 0x95F4, 0x0367, 0x0367, 0x0367, 0x0367, 0x0367, 0x0367, 0x0367, 0x0367,
    0x0367, 0xBEB8, 0xF7BD, 0xF7BD, 0xF7BD, 0xF7BD, 0xF7BD, 0xF7BD, 0xF7BD, 0x240A, 0x0367, 0x0367,
    0x0367, 0x0367, 0x0367, 0x0367, 0x0367, 0x0367, 0x2C2B, 0xF7BD, 0xF7BD, 0xF7BD, 0xF7BD, 0xEF9C,
    0x0B88, 0x0367, 0x0367, 0x0367, 0x0367, 0x0367, 0x0367, 0x0367, 0x0367, 0x0367, 0x8DD3, 0xF7BD,
    0xF7BD, 0xF7BD, 0xF7BD, 0xF7BD, 0x6510, 0x0367, 0x0367, 0x0367, 0x0367, 0x0367, 0x0367, 0x0367,
    0x0367, 0x240A, 0xF7BD, 0xF7BD, 0xF7BD, 0xF7BD, 0xA635, 0x0367, 0x0367, 0x0367, 0x0367, 0x0367,
    0x0367, 0x0BA8, 0xF7BC, 0xF7BD, 0xF7BD, 0xF7BD, 0xF79C, 0x0387, 0x0367, 0x0367, 0x0367, 0x0367,
    0x0367, 0x0367, 0xDF3A, 0xF7BD, 0xF7BD, 0xF7BD, 0xF7BD, 0x650F, 0x0367, 0x0367, 0x0367, 0x0367,
    0x0367, 0x0367, 0x85B3, 0xF7BD, 0xF7BD, 0xF7BD, 0xF79C, 0x4CAE, 0x0367, 0x0367, 0x0367, 0x0367,
    0x0367, 0x0367, 0x0367, 0x0367, 0x0367, 0x0367, 0x0367, 0x0367, 0x0367, 0x0367, 0x4CAD, 0xDF3A,
    0xF7BD, 0xE77B, 0x0B88, 0x0367, 0x0367, 0x9E14, 0xF7BD, 0xF7BD, 0xF7BC, 0x54EF, 0x0367, 0x0367,
    0x0367, 0x0367, 0x0367, 0x0367, 0x0367, 0x0367, 0x0367, 0x0367, 0x0367, 0x0367, 0x0367, 0x0367,
    0x44AD, 0xCF19, 0xF7BD, 0xEF9C, 0x13A8, 0x0367, 0x0367, 0x8DD3, 0xF7BD, 0xC6B8, 0x0367, 0x0367,
    0x0367, 0x0367, 0x0367, 0x0367, 0x0367, 0x0367, 0x0367, 0xBE97, 0xF7BD, 0xF7BD, 0xF7BD, 0xF7BD,
    0xF7BD, 0xF7BD, 0xF7BD, 0xF7BD, 0xF7BD, 0xF7BD, 0xF7BD, 0xF7BD, 0xF7BD, 0xF7BD, 0xF7BD, 0xF7BD,
    0xF7BD, 0xF7BD, 0xF7BD, 0xF7BD, 0xF7BD, 0xF7BD, 0xF7BD, 0xF7BD, 0xF7BD, 0xD719, 0x0367, 0x0367,
    0x0367, 0x0367, 0x0367, 0x0367, 0x0367, 0x0367, 0x0367, 0x13C9, 0xEF7B, 0xF7BD, 0xF7BD, 0xF7BD,
    0xF7BD, 0xF7BD, 0x9E35, 0x0367, 0x0367, 0x0367, 0x0367, 0x0367, 0x0367, 0x0367, 0x0367, 0x0BA8,
    0xF7BD, 0xF7BD, 0xF7BD, 0xF7BD, 0xD719, 0x0B88, 0x0367, 0x0367, 0x0367, 0x0367, 0x0367, 0x0367,
    0x0367, 0x0367, 0x6D51, 0xF7BD, 0xF7BD, 0xF7BD, 0xF7BD, 0xF7BD, 0xF7BD, 0xF7BD, 0xDF3A, 0x0367,
    0x0367, 0x0367, 0x0367, 0x0367, 0x0367, 0x0367, 0x0367, 0x0367, 0x6D51, 0xF7BD, 0xF7BD, 0xF7BD,
    0xF7BD, 0xB697, 0x0367, 0x0367, 0x0367, 0x0367, 0x0367, 0x0367, 0x0367, 0x0367, 0x0367, 0x3C6C,
    0xF7BC, 0xF7BD, 0xF7BD, 0xF7BD, 0xF7BD, 0xF7BD, 0x6530, 0x0367, 0x0367, 0x0367, 0x0367, 0x0367,
    0x0367, 0x0367, 0x0367, 0x4CAD, 0xF7BD, 0xF7BD, 0xF7BD, 0xF7BD, 0x7551, 0x0367, 0x0367, 0x0367,
    0x0367, 0x0367, 0x0367, 0x448D, 0xF7BD, 0xF7BD, 0xF7BD, 0xF7BD, 0xC6D8, 0x0367, 0x0367, 0x0367,
    0x0367, 0x0367, 0x0367, 0x13A9, 0xF7BD, 0xF7BD, 0xF7BD, 0xF7BD, 0xF7BD, 0x2C2B, 0x0367, 0x0367,
    0x0367, 0x0367, 0x0367, 0x0367, 0xB697, 0xF7BD, 0xF7BD, 0xF7BD, 0x85B2, 0x0367, 0x0367, 0x0367,
    0x0367, 0x0367, 0x0367, 0x0367, 0x0367, 0x0BA8, 0x4CAE, 0x85B2, 0xA635, 0xB676, 0xCED8, 0xEF7B,
    0xF7BD, 0xF7BD, 0xF7BD, 0xF7BD, 0x448D, 0x0367, 0x0367, 0x7571, 0xF7BD, 0xF7BD, 0x8DD3, 0x0367,
    0x0367, 0x0367, 0x0367, 0x0367, 0x0367, 0x0367, 0x0367, 0x0387, 0x4CAD, 0x7D92, 0x9E35, 0xB676,
    0xC6D8, 0xEF7B, 0xF7BD, 0xF7BD, 0xF7BD, 0xF7BD, 0x54EE, 0x0367, 0x0367, 0x6530, 0xF7BD, 0x85B2,
    0x0367, 0x0367, 0x0367, 0x0367, 0x0367, 0x0367, 0x0367, 0x0367, 0x0387, 0xEF9C, 0xF7BD, 0xF7BD,
    0xF7BD, 0xF7BD, 0xF7BD, 0xF7BD, 0xF7BD, 0xF7BD, 0xF7BD, 0xF7BD, 0xF7BD, 0xF7BD, 0xF7BD, 0xF7BD,
    0xF7BD, 0xF7BD, 0xF7BD, 0xF7BD, 0xF7BD, 0xF7BD, 0xF7BD, 0xF7BD, 0xF7BD, 0xF7BD, 0xF7BD, 0x8DF4,
    0x0367, 0x0367, 0x0367, 0x0367, 0x0367, 0x0367, 0x0367, 0x0367, 0x0367, 0x8DD3, 0xF7BD, 0xF7BD,
    0xF7BD, 0xF7BD, 0xF7BD, 0xF7BD, 0x85B2, 0x0367, 0x0367, 0x0367, 0x0367, 0x0367, 0x0367, 0x0367,
    0x0367, 0x3C6C, 0xF7BD, 0xF7BD, 0xF7BD, 0xF7BD, 0x4CAD, 0x0367, 0x0367, 0x0367, 0x0367, 0x0367,
    0x0367, 0x0367, 0x0367, 0x0BA8, 0xEF7B, 0xF7BD, 0xF7BD, 0xF7BD, 0xF7BD, 0xF7BD, 0xF7BD, 0xF7BD,
    0x95F4, 0x0367, 0x0367, 0x0367, 0x0367, 0x0367, 0x0367, 0x0367, 0x0367, 0x0367, 0xB697, 0xF7BD,
    0xF7BD, 0xF7BD, 0xF7BD, 0x6D51, 0x0367, 0x0367, 0x0367, 0x0367, 0x0367, 0x0367, 0x0367, 0x0367,
    0x0367, 0xBEB8, 0xF7BD, 0xF7BD, 0xF7BD, 0xF7BD, 0xF7BD, 0xF7BD, 0x4CAE, 0x0367, 0x0367, 0x0367,
    0x0367, 0x0367, 0x0367, 0x0367, 0x0367, 0x7571, 0xF7BD, 0xF7BD, 0xF7BD, 0xF7BD, 0x3C6C, 0x0367,
    0x0367, 0x0367, 0x0367, 0x0367, 0x0367, 0x7571, 0xF7BD, 0xF7BD, 0xF7BD, 0xF7BD, 0x95F4, 0x0367,
    0x0367, 0x0367, 0x0367, 0x0367, 0x0367, 0x448D, 0xF7BD, 0xF7BD, 0xF7BD, 0xF7BD, 0xEF7C, 0x0367,
    0x0367, 0x0367, 0x0367, 0x0367, 0x0367, 0x0367, 0xEF7B, 0xF7BD, 0xF7BD, 0xCEF9, 0x0367, 0x0367,
    0x0367, 0x0367, 0x0367, 0x0367, 0x0367, 0x0B88, 0x85B3, 0xEF7B, 0xF7BD, 0xF7BD, 0xF7BD, 0xF7BD,
    0xF7BD, 0xF7BD, 0xF7BD, 0xF7BD, 0xF7BD, 0xF7BD, 0x6D30, 0x0367, 0x0367, 0x6D50, 0xF7BD, 0xD71A,
    0x0B88, 0x0367, 0x0367, 0x0367, 0x0367, 0x0367, 0x0367, 0x0387, 0x7D92, 0xEF7B, 0xF7BD, 0xF7BD,
    0xF7BD, 0xF7BD, 0xF7BD, 0xF7BD, 0xF7BD, 0xF7BD, 0xF7BD, 0xF7BD, 0x7D71, 0x0367, 0x0367, 0x5CEF,
    0xF7BD, 0x3C6C, 0x0367, 0x0367, 0x0367, 0x0367, 0x0367, 0x0367, 0x0367, 0x0367, 0x448D, 0xF7BD,
    0xF7BD, 0xF7BD, 0xF7BD, 0xF7BD, 0xF7BD, 0xF7BD, 0xF7BD, 0xF7BD, 0xF7BD, 0xF7BD, 0xF7BD, 0xF7BD,
    0xF7BD, 0xF7BD, 0xF7BD, 0xF7BD, 0xF7BD, 0xF7BD, 0xF7BD, 0xF7BD, 0xF7BD, 0xF7BD, 0xF7BD, 0xF7BD,
    0xF7BD, 0x4CCE, 0x0367, 0x0367, 0x0367, 0x0367, 0x0367, 0x0367, 0x0367, 0x0367, 0x0367, 0xE77B,
    0xF7BD, 0xF7BD, 0xF7BD, 0xF7BD, 0xF7BD, 0xF7BD, 0x4CCE, 0x0367, 0x0367, 0x0367, 0x0367, 0x0367,
    0x0367, 0x0367, 0x0367, 0x7D92, 0xF7BD, 0xF7BD, 0xF7BD, 0xC6B8, 0x0367, 0x0367, 0x0367, 0x0367,
    0x0367, 0x0367, 0x0367, 0x0367, 0x0367, 0x7571, 0xF7BD, 0xF7BD, 0xF7BD, 0xF7BD, 0xF7BD, 0xF7BD,
    0xF7BD, 0xF7BD, 0x54CE, 0x0367, 0x0367, 0x0367, 0x0367, 0x0367, 0x0367, 0x0367, 0x0367, 0x0B88,
    0xEF9C, 0xF7BD, 0xF7BD, 0xF7BD, 0xF7BD, 0x2C2B, 0x0367, 0x0367, 0x0367, 0x0367, 0x0367, 0x0367,
    0x0367, 0x0367, 0x240A, 0xF7BD, 0xF7BD, 0xF7BD, 0xF7BD, 0xF7BD, 0xF7BD, 0xF7BD, 0x1BC9, 0x0367,
    0x0367, 0x0367, 0x0367, 0x0367, 0x0367, 0x0367, 0x0367, 0xB697, 0xF7BD, 0xF7BD, 0xF7BD, 0xF7BC,
    0x0BA8, 0x0367, 0x0367, 0x0367, 0x0367, 0x0367, 0x0367, 0xA655, 0xF7BD, 0xF7BD, 0xF7BD, 0xF7BD,
    0x650F, 0x0367, 0x0367, 0x0367, 0x0367, 0x0367, 0x0367, 0x7D92, 0xF7BD, 0xF7BD, 0xF7BD, 0xF7BD,
    0xB697, 0x0367, 0x0367, 0x0367, 0x0367, 0x0367, 0x0367, 0x240A, 0xF7BD, 0xF7BD, 0xF7BD, 0x448D,
    0x0367, 0x0367, 0x0367, 0x0367, 0x0367, 0x0367, 0x2C0A, 0xD71A, 0xF7BD, 0xF7BD, 0xF7BD, 0xF7BD,
    0xF7BD, 0xF7BD, 0xF7BD, 0xF7BD, 0xF7BD, 0xF7BD, 0xF7BD, 0xF7BD, 0x6530, 0x0367, 0x0367, 0x6D50,
    0xF7BD, 0x54EE, 0x0367, 0x0367, 0x0367, 0x0367, 0x0367, 0x0367, 0x1BEA, 0xCEF9, 0xF7BD, 0xF7BD,
    0xF7BD, 0xF7BD, 0xF7BD, 0xF7BD, 0xF7BD, 0xF7BD, 0xF7BD, 0xF7BD, 0xF7BD, 0xF7BD, 0x7571, 0x0367,
    0x0367, 0x5CEF, 0xEF7B, 0x0367, 0x0367, 0x0367, 0x0367, 0x0367, 0x0367, 0x0367, 0x0367, 0x0367,
    0x7D92, 0xF7BD, 0xF7BD, 0xF7BD, 0xF7BD, 0xF7BD, 0xF7BD, 0xF7BD, 0xF7BD, 0xF7BD, 0xF7BD, 0xF7BD,
    0xF7BD, 0xF7BD, 0xF7BD, 0xF7BD, 0xF7BD, 0xF7BD, 0xF7BD, 0xF7BD, 0xF7BD, 0xF7BD, 0xF7BD, 0xF7BD,
    0xF7BD, 0xF7BD, 0xF79C, 0x0BA8, 0x0367, 0x0367, 0x0367, 0x0367, 0x0367, 0x0367, 0x0367, 0x0367,
    0x344C, 0xF7BD, 0xF7BD, 0xF7BD, 0xF7BD, 0xF7BD, 0xF7BD, 0xF79C, 0x13A8, 0x0367, 0x0367, 0x0367,
    0x0367, 0x0367, 0x0367, 0x0367, 0x0367, 0xCED8, 0xF7BD, 0xF7BD, 0xF7BD, 0x4CAD, 0x0367, 0x0367,
    0x0367, 0x0367, 0x0367, 0x0367, 0x0367, 0x0367, 0x0367, 0xE75B, 0xF7BD, 0xF7BD, 0xF7BD, 0xF7BD,
    0xF7BD, 0xF7BD, 0xF7BD, 0xF79C, 0x0BA8, 0x0367, 0x0367, 0x0367, 0x0367, 0x0367, 0x0367, 0x0367,
    0x0367, 0x448D, 0xF7BD, 0xF7BD, 0xF7BD, 0xF7BD, 0xDF5A, 0x0367, 0x0367, 0x0367, 0x0367, 0x0367,
    0x0367, 0x0367, 0x0367, 0x0367, 0x6D30, 0xF7BD, 0xF7BD, 0xF7BD, 0xF7BD, 0xF7BD, 0xF7BD, 0xD719,
    0x0367, 0x0367, 0x0367, 0x0367, 0x0367, 0x0367, 0x0367, 0x0367, 0x0B88, 0xEF9C, 0xF7BD, 0xF7BD,
    0xF7BD, 0xD719, 0x0367, 0x0367, 0x0367, 0x0367, 0x0367, 0x0367, 0x0367, 0xDF3A, 0xF7BD, 0xF7BD,
    0xF7BD, 0xF7BD, 0x2C2B, 0x0367, 0x0367, 0x0367, 0x0367, 0x0367, 0x0367, 0xAE56, 0xF7BD, 0xF7BD,
    0xF7BD, 0xF7BD, 0x7D92, 0x0367, 0x0367, 0x0367, 0x0367, 0x0367, 0x0367, 0x54EF, 0xF7BD, 0xF7BD,
    0xC6D8, 0x0367, 0x0367, 0x0367, 0x0367, 0x0367, 0x0367, 0x13A8, 0xDF3A, 0xF7BD, 0xF7BD, 0xF7BD,
    0xF7BD, 0xF7BD, 0xF7BD, 0xF7BD, 0xF7BD, 0xF7BD, 0xF7BD, 0xF7BD, 0xF7BD, 0xF7BD, 0x448D, 0x0367,
    0x0367, 0x7571, 0xD719, 0x0367, 0x0367, 0x0367, 0x0367, 0x0367, 0x0367, 0x0B88, 0xD719, 0xF7BD,
    0xF7BD, 0xF7BD, 0xF7BD, 0xF7BD, 0xF7BD, 0xF7BD, 0xF7BD, 0xF7BD, 0xF7BD, 0xF7BD, 0xF7BD, 0xF7BD,
    0x5CEF, 0x0367, 0x0367, 0x6530, 0xAE56, 0x0367, 0x0367, 0x0367, 0x0367, 0x0367, 0x0367, 0x0367,
    0x0367, 0x0367, 0xBEB7, 0xF7BD, 0xF7BD, 0xF7BD, 0xF7BD, 0xF7BD, 0xF7BD, 0xF7BD, 0xF7BD, 0xF7BD,
    0xF7BD, 0xF7BD, 0xF7BD, 0xF7BD, 0xF7BD, 0xF7BD, 0xF7BD, 0xF7BD, 0xF7BD, 0xF7BD, 0xF7BD, 0xF7BD,
    0xF7BD, 0xF7BD, 0xF7BD, 0xF7BD, 0xBEB8, 0x0367, 0x0367, 0x0367, 0x0367, 0x0367, 0x0367, 0x0367,
    0x0367, 0x0367, 0x7D92, 0xF7BD, 0xF7BD, 0xF7BD, 0xF7BD, 0xF7BD, 0xF7BD, 0xBEB8, 0x0367, 0x0367,
    0x0367, 0x0367, 0x0367, 0x0367, 0x0367, 0x0367, 0x1BC9, 0xF7BC, 0xF7BD, 0xF7BD, 0xDF3A, 0x0367,
    0x0367, 0x0367, 0x0367, 0x0367, 0x0367, 0x0367, 0x0367, 0x0367, 0x448D, 0xF7BD, 0xF7BD, 0xF7BD,
    0xF7BD, 0xF7BD, 0xF7BD, 0xF7BD, 0xF7BD, 0xC6B8, 0x0367, 0x0367, 0x0367, 0x0367, 0x0367, 0x0367,
    0x0367, 0x0367, 0x0367, 0x8DD3, 0xF7BD, 0xF7BD, 0xF7BD, 0xF7BD, 0x9E15, 0x0367, 0x0367, 0x0367,
    0x0367, 0x0367, 0x0367, 0x0367, 0x0367, 0x0367, 0xAE76, 0xF7BD, 0xF7BD, 0xF7BD, 0xF7BD, 0xF7BD,
    0xF7BD, 0x8DD3, 0x0367, 0x0367, 0x0367, 0x0367, 0x0367, 0x0367, 0x0367, 0x0367, 0x4CAD, 0xF7BD,
    0xF7BD, 0xF7BD, 0xF7BD, 0x9E35, 0x0367, 0x0367, 0x0367, 0x0367, 0x0367, 0x0367, 0x13A9, 0xF7BD,
    0xF7BD, 0xF7BD, 0xF7BD, 0xEF9C, 0x0367, 0x0367, 0x0367, 0x0367, 0x0367, 0x0367, 0x0367, 0xDF5A,
    0xF7BD, 0xF7BD, 0xF7BD, 0xF7BD, 0x448D, 0x0367, 0x0367, 0x0367, 0x0367, 0x0367, 0x0367, 0x8DD3,
    0xF7BD, 0xF7BD, 0x6510, 0x0367, 0x0367, 0x0367, 0x0367, 0x0367, 0x0367, 0x9E14, 0xF7BD, 0xF7BD,
    0xF7BD, 0xF7BD, 0xF7BD, 0xF7BD, 0xF7BD, 0xF7BD, 0xF7BD, 0xF7BD, 0xF7BD, 0xF7BD, 0xF7BD, 0xF7BC,
    0x13C9, 0x0367, 0x0367, 0x95F4, 0x7571, 0x0367, 0x0367, 0x0367, 0x0367, 0x0367, 0x0367, 0x8DD3,
    0xF7BD, 0xF7BD, 0xF7BD, 0xF7BD, 0xF7BD, 0xF7BD, 0xF7BD, 0xF7BD, 0xF7BD, 0xF7BD, 0xF7BD, 0xF7BD,
    0xF7BD, 0xF7BD, 0x240A, 0x0367, 0x0367, 0x85B3, 0x6530, 0x0367, 0x0367, 0x0367, 0x0367, 0x0367,
    0x0367, 0x0367, 0x0367, 0x0B88, 0xF79C, 0xF7BD, 0xF7BD, 0xF7BD, 0xF7BD, 0xF7BD, 0xF7BD, 0xF7BD,
    0xF7BD, 0xF7BD, 0xF7BD, 0xF7BD, 0xF7BD, 0xF7BD, 0xF7BD, 0xF7BD, 0xF7BD, 0xF7BD, 0xF7BD, 0xF7BD,
    0xF7BD, 0xF7BD, 0xF7BD, 0xF7BD, 0xF7BD, 0xF7BD, 0x7D92, 0x0367, 0x0367, 0x0367, 0x0367, 0x0367,
    0x0367, 0x0367, 0x0367, 0x0367, 0xBEB7, 0xF7BD, 0xF7BD, 0xF7BD, 0xF7BD, 0xF7BD, 0xF7BD, 0x7571,
    0x0367, 0x0367, 0x0367, 0x0367, 0x0367, 0x0367, 0x0367, 0x0367, 0x6530, 0xF7BD, 0xF7BD, 0xF7BD,
    0x8DD3, 0x0367, 0x0367, 0x0367, 0x0367, 0x0367, 0x0367, 0x0367, 0x0367, 0x0367, 0x9E15, 0xF7BD,
    0xF7BD, 0xF7BD, 0xF7BD, 0xF7BD, 0xF7BD, 0xF7BD, 0xF7BD, 0x7D92, 0x0367, 0x0367, 0x0367, 0x0367,
    0x0367, 0x0367, 0x0367, 0x0367, 0x0367, 0xCEF9, 0xF7BD, 0xF7BD, 0xF7BD, 0xF7BD, 0x54EF, 0x0367,
    0x0367, 0x0367, 0x0367, 0x0367, 0x0367, 0x0367, 0x0367, 0x0387, 0xEF7C, 0xF7BD, 0xF7BD, 0xF7BD,
    0xF7BD, 0xF7BD, 0xF7BD, 0x448D, 0x0367, 0x0367, 0x0367, 0x0367, 0x0367, 0x0367, 0x0367, 0x0367,
    0x9E14, 0xF7BD, 0xF7BD, 0xF7BD, 0xF7BD, 0x6D50, 0x0367, 0x0367, 0x0367, 0x0367, 0x0367, 0x0367,
    0x44AD, 0xF7BD, 0xF7BD, 0xF7BD, 0xF7BD, 0xC6B8, 0x0367, 0x0367, 0x0367, 0x0367, 0x0367, 0x0367,
    0x1BC9, 0xF7BD, 0xF7BD, 0xF7BD, 0xF7BD, 0xF79C, 0x0B88, 0x0367, 0x0367, 0x0367, 0x0367, 0x0367,
    0x0367, 0xBEB8, 0xF7BD, 0xF7BD, 0x13C9, 0x0367, 0x0367, 0x0367, 0x0367, 0x0367, 0x13A8, 0xF79C,
    0xF7BD, 0xF7BD, 0xF7BD, 0xF7BD, 0xF7BD, 0xF7BD, 0xDF3A, 0xC6D8, 0xF7BD, 0xF7BD, 0xF7BD, 0xF7BD,
    0xF7BD, 0xC6D8, 0x0367, 0x0367, 0x0367, 0xC6D8, 0x240A, 0x0367, 0x0367, 0x0367, 0x0367, 0x0367,
    0x0387, 0xEF7C, 0xF7BD, 0xF7BD, 0xF7BD, 0xF7BD, 0xF7BD, 0xF7BD, 0xE77B, 0xBEB7, 0xF7BD, 0xF7BD,
    0xF7BD, 0xF7BD, 0xF7BD, 0xD719, 0x0367, 0x0367, 0x0367, 0xBE97, 0x23EA, 0x0367, 0x0367, 0x0367,
    0x0367, 0x0367, 0x0367, 0x0367, 0x0367, 0x448D, 0xF7BD, 0xF7BD, 0xF7BD, 0xF7BD, 0xF7BD, 0xF7BD,
    0xF7BD, 0xF7BD, 0xF7BD, 0xF7BD, 0xF7BD, 0xF7BD, 0xF7BD, 0xF7BD, 0xF7BD, 0xF7BD, 0xF7BD, 0xF7BD,
    0xF7BD, 0xF7BD, 0xF7BD, 0xF7BD, 0xF7BD, 0xF7BD, 0xF7BD, 0xF7BD, 0x3C6C, 0x0367, 0x0367, 0x0367,
    0x0367, 0x0367, 0x0367, 0x0367, 0x0367, 0x0B88, 0xF79C, 0xF7BD, 0xF7BD, 0xF7BD, 0xF7BD, 0xF7BD,
    0xF7BD, 0x2C2B, 0x0367, 0x0367, 0x0367, 0x0367, 0x0367, 0x0367, 0x0367, 0x0367, 0xB676, 0xF7BD,
    0xF7BD, 0xF7BD, 0x448D, 0x0367, 0x0367, 0x0367, 0x0367, 0x0367, 0x0367, 0x0367, 0x0367, 0x0367,
    0xDF3A, 0xF7BD, 0xF7BD, 0xF7BD, 0xF7BD, 0xF7BD, 0xF7BD, 0xF7BD, 0xF7BD, 0x3C6C, 0x0367, 0x0367,
    0x0367, 0x0367, 0x0367, 0x0367, 0x0367, 0x0367, 0x13C9, 0xF7BC, 0xF7BD, 0xF7BD, 0xF7BD, 0xF7BC,
    0x13C9, 0x0367, 0x0367, 0x0367, 0x0367, 0x0367, 0x0367, 0x0367, 0x0367, 0x3C6C, 0xF7BD, 0xF7BD,
    0xF7BD, 0xF7BD, 0xF7BD, 0xF7BD, 0xEF7B, 0x0387, 0x0367, 0x0367, 0x0367, 0x0367, 0x0367, 0x0367,
    0x0367, 0x0367, 0xE77B, 0xF7BD, 0xF7BD, 0xF7BD, 0xF7BD, 0x3C6C, 0x0367, 0x0367, 0x0367, 0x0367,
    0x0367, 0x0367, 0x7D92, 0xF7BD, 0xF7BD, 0xF7BD, 0xF7BD, 0x8DD3, 0x0367, 0x0367, 0x0367, 0x0367,
    0x0367, 0x0367, 0x4CAE, 0xF7BD, 0xF7BD, 0xF7BD, 0xF7BD, 0xBEB8, 0x0367, 0x0367, 0x0367, 0x0367,
    0x0367, 0x0367, 0x0367, 0xEF7C, 0xF7BD, 0xD719, 0x0367, 0x0367, 0x0367, 0x0367, 0x0367, 0x0367,
    0x4CAD, 0xF7BD, 0xF7BD, 0xF7BD, 0xF7BD, 0xF7BD, 0xF7BD, 0xBEB8, 0x13C9, 0x9E35, 0xF7BD, 0xF7BD,
    0xF7BD, 0xF7BD, 0xF7BD, 0x6530, 0x0367, 0x0367, 0x0B88, 0xDF3A, 0x0367, 0x0367, 0x0367, 0x0367,
    0x0367, 0x0367, 0x3C6C, 0xF7BD, 0xF7BD, 0xF7BD, 0xF7BD, 0xF7BD, 0xF7BD, 0xDF3A, 0x2C0A, 0x8DF4,
    0xF7BD, 0xF7BD, 0xF7BD, 0xF7BD, 0xF7BD, 0x7571, 0x0367, 0x0367, 0x0367, 0xCEF9, 0x0367, 0x0367,
    0x0367, 0x0367, 0x0367, 0x0367, 0x0367, 0x0367, 0x0367, 0x85B2, 0xF7BD, 0xF7BD, 0xF7BD, 0xF7BD,
    0xF7BD, 0xF7BD, 0xF7BD, 0xF7BD, 0xF7BD, 0xF7BD, 0xF7BD, 0xF7BD, 0xF7BD, 0xF7BD, 0xF7BD, 0xF7BD,
    0xF7BD, 0xF7BD, 0xF7BD, 0xF7BD, 0xF7BD, 0xF7BD, 0xF7BD, 0xF7BD, 0xF7BD, 0xEF7C, 0x0367, 0x0367,
    0x0367, 0x0367, 0x0367, 0x0367, 0x0367, 0x0367, 0x0367, 0x4CAE, 0xF7BD, 0xF7BD, 0xF7BD, 0xF7BD,
    0xF7BD, 0xF7BD, 0xDF3A, 0x0367, 0x0367, 0x0367, 0x0367, 0x0367, 0x0367, 0x0367, 0x0367, 0x0BA8,
    0xF79C, 0xF7BD, 0xF7BD, 0xF7BC, 0x0BA8, 0x0367, 0x0367, 0x0367, 0x0367, 0x0367, 0x0367, 0x0367,
    0x0367, 0x13C9, 0xF7BD, 0xF7BD, 0xF7BD, 0xF7BD, 0xF7BD, 0xF7BD, 0xF7BD, 0xF7BD, 0xEF7B, 0x0367,
    0x0367, 0x0367, 0x0367, 0x0367, 0x0367, 0x0367, 0x0367, 0x0367, 0x5CEF, 0xF7BD, 0xF7BD, 0xF7BD,
    0xF7BD, 0xCED8, 0x0367, 0x0367, 0x0367, 0x0367, 0x0367, 0x0367, 0x0367, 0x0367, 0x0367, 0x85B2,
    0xF7BD, 0xF7BD, 0xF7BD, 0xF7BD, 0xF7BD, 0xF7BD, 0xAE56, 0x0367, 0x0367, 0x0367, 0x0367, 0x0367,
    0x0367, 0x0367, 0x0367, 0x448D, 0xF7BD, 0xF7BD, 0xF7BD, 0xF7BD, 0xF79C, 0x0B88, 0x0367, 0x0367,
    0x0367, 0x0367, 0x0367, 0x0367, 0xAE56, 0xF7BD, 0xF7BD, 0xF7BD, 0xF7BD, 0x5CEF, 0x0367, 0x0367,
    0x0367, 0x0367, 0x0367, 0x0367, 0x85B2, 0xF7BD, 0xF7BD, 0xF7BD, 0xF7BD, 0x7D92, 0x0367, 0x0367,
    0x0367, 0x0367, 0x0367, 0x0367, 0x2C2B, 0xF7BD, 0xF7BD, 0xAE56, 0x0367, 0x0367, 0x0367, 0x0367,
    0x0367, 0x0367, 0x6530, 0xF7BD, 0xF7BD, 0xF7BD, 0xF7BD, 0xF79C, 0x7D92, 0x0367, 0x3C6C, 0xF7BC,
    0xF7BD, 0xF7BD, 0xF7BD, 0xF7BD, 0xDF5A, 0x0B88, 0x0367, 0x0367, 0x54CE, 0xB697, 0x0367, 0x0367,
    0x0367, 0x0367, 0x0367, 0x0367, 0x54EE, 0xF7BD, 0xF7BD, 0xF7BD, 0xF7BD, 0xF7BD, 0xCEF9, 0x1BC9,
    0x240A, 0xF79C, 0xF7BD, 0xF7BD, 0xF7BD, 0xF7BD, 0xEF7B, 0x13A9, 0x0367, 0x0367, 0x4CAD, 0x95F4,
    0x0367, 0x0367, 0x0367, 0x0367, 0x0367, 0x0367, 0x0367, 0x0367, 0x0367, 0xC6B8, 0xF7BD, 0xF7BD,
    0xF7BD, 0xF7BD, 0xF7BD, 0xF7BD, 0xF7BD, 0xF7BD, 0xF7BD, 0xF7BD, 0xF7BD, 0xF7BD, 0xF7BD, 0xF7BD,
    0xF7BD, 0xF7BD, 0xF7BD, 0xF7BD, 0xF7BD, 0xF7BD, 0xF7BD, 0xF7BD, 0xF7BD, 0xF7BD, 0xF7BD, 0xAE76,
    0x0367, 0x0367, 0x0367, 0x0367, 0x0367, 0x0367, 0x0367, 0x0367, 0x0367, 0x8DF4, 0xF7BD, 0xF7BD,
    0xF7BD, 0xF7BD, 0xF7BD, 0xF7BD, 0x9E14, 0x0367, 0x0367, 0x0367, 0x0367, 0x0367, 0x0367, 0x0367,
    0x0367, 0x5CEF, 0xF7BD, 0xF7BD, 0xF7BD, 0xDF3A, 0x0367, 0x0367, 0x0367, 0x0367, 0x0367, 0x0367,
    0x0367, 0x0367, 0x0367, 0x3C6C, 0xF7BD, 0xF7BD, 0xF7BD, 0xF7BD, 0xF7BD, 0xF7BD, 0xF7BD, 0xF7BD,
    0xAE56, 0x0367, 0x0367, 0x0367, 0x0367, 0x0367, 0x0367, 0x0367, 0x0367, 0x0367, 0x9E35, 0xF7BD,
    0xF7BD, 0xF7BD, 0xF7BD, 0x85B3, 0x0367, 0x0367, 0x0367, 0x0367, 0x0367, 0x0367, 0x0367, 0x0367,
    0x0367, 0xC6D8, 0xF7BD, 0xF7BD, 0xF7BD, 0xF7BD, 0xF7BD, 0xF7BD, 0x6510, 0x0367, 0x0367, 0x0367,
    0x0367, 0x0367, 0x0367, 0x0367, 0x0367, 0x8DF4, 0xF7BD, 0xF7BD, 0xF7BD, 0xF7BD, 0xCEF9, 0x0367,
    0x0367, 0x0367, 0x0367, 0x0367, 0x0367, 0x0367, 0xE75B, 0xF7BD, 0xF7BD, 0xF7BD, 0xF7BD, 0x2C0A,
    0x0367, 0x0367, 0x0367, 0x0367, 0x0367, 0x0367, 0xB676, 0xF7BD, 0xF7BD, 0xF7BD, 0xF7BD, 0x3C6C,
    0x0367, 0x0367, 0x0367, 0x0367, 0x0367, 0x0367, 0x5D0F, 0xF7BD, 0xF7BD, 0x95F4, 0x0367, 0x0367,
    0x0367, 0x0367, 0x0367, 0x0367, 0x6530, 0xF7BD, 0xF7BD, 0xF7BD, 0xCEF9, 0x344B, 0x0367, 0x240A,
    0xE75B, 0xF7BD, 0xF7BD, 0xF7BD, 0xF7BD, 0xF7BD, 0x650F, 0x0367, 0x0367, 0x0367, 0xB676, 0xA635,
    0x0367, 0x0367, 0x0367, 0x0367, 0x0367, 0x0367, 0x54CE, 0xF7BD, 0xF7BD, 0xF7BD, 0xF7BD, 0xBE97,
    0x0BA8, 0x0367, 0xBE97, 0xF7BD, 0xF7BD, 0xF7BD, 0xF7BD, 0xF7BD, 0x7551, 0x0367, 0x0367, 0x0367,
    0xA655, 0x4CAE, 0x0367, 0x0367, 0x0367, 0x0367, 0x0367, 0x0367, 0x0367, 0x0367, 0x0B88, 0xF79C,
    0xF7BD, 0xF7BD, 0xF7BD, 0xF7BD, 0xF7BD, 0xF7BD, 0xF7BD, 0xF7BD, 0xF7BD, 0xF7BD, 0xF7BD, 0xF7BD,
    0xF7BD, 0xF7BD, 0xF7BD, 0xF7BD, 0xF7BD, 0xF7BD, 0xF7BD, 0xF7BD, 0xF7BD, 0xF7BD, 0xF7BD, 0xF7BD,
    0xF7BD, 0x6D50, 0x0367, 0x0367, 0x0367, 0x0367, 0x0367, 0x0367, 0x0367, 0x0367, 0x0367, 0xD719,
    0xF7BD, 0xF7BD, 0xF7BD, 0xF7BD, 0xF7BD, 0xF7BD, 0x54CE, 0x0367, 0x0367, 0x0367, 0x0367, 0x0367,
    0x0367, 0x0367, 0x0367, 0xA635, 0xF7BD, 0xF7BD, 0xF7BD, 0xBEB7, 0x0367, 0x0367, 0x0367, 0x0367,
    0x0367, 0x0367, 0x0367, 0x0367, 0x0367, 0x54CE, 0xF7BD, 0xF7BD, 0xF7BD, 0xF7BD, 0xF7BD, 0xF7BD,
    0xF7BD, 0xF7BD, 0x6510, 0x0367, 0x0367, 0x0367, 0x0367, 0x0367, 0x0367, 0x0367, 0x0367, 0x0367,
    0xE75B, 0xF7BD, 0xF7BD, 0xF7BD, 0xF7BD, 0x448D, 0x0367, 0x0367, 0x0367, 0x0367, 0x0367, 0x0367,
    0x0367, 0x0367, 0x13A9, 0xF7BC, 0xF7BD, 0xF7BD, 0xF7BD, 0xF7BD, 0xF7BD, 0xF7BD, 0x1BE9, 0x0367,
    0x0367, 0x0367, 0x0367, 0x0367, 0x0367, 0x0367, 0x0367, 0xD71A, 0xF7BD, 0xF7BD, 0xF7BD, 0xF7BD,
    0x9E14, 0x0367, 0x0367, 0x0367, 0x0367, 0x0367, 0x0367, 0x1BC9, 0xF7BD, 0xF7BD, 0xF7BD, 0xF7BD,
    0xE77B, 0x0367, 0x0367, 0x0367, 0x0367, 0x0367, 0x0367, 0x0367, 0xE75B, 0xF7BD, 0xF7BD, 0xF7BD,
    0xEF7C, 0x0367, 0x0367, 0x0367, 0x0367, 0x0367, 0x0367, 0x0367, 0x8DF4, 0xF7BD, 0xF7BD, 0x8DD3,
    0x0367, 0x0367, 0x0367, 0x0367, 0x0367, 0x0367, 0x448D, 0xF7BD, 0xEF7C, 0x7571, 0x0367, 0x0367,
    0x240A, 0xDF3A, 0xF7BD, 0xF7BD, 0xF7BD, 0xF7BD, 0xF7BD, 0xB676, 0x0367, 0x0367, 0x0367, 0x2C2B,
    0xF7BC, 0x9E14, 0x0367, 0x0367, 0x0367, 0x0367, 0x0367, 0x0367, 0x344B, 0xF7BD, 0xF7BD, 0xF7BD,
    0x95F4, 0x0367, 0x0367, 0x7D71, 0xF7BD, 0xF7BD, 0xF7BD, 0xF7BD, 0xF7BD, 0xC6B8, 0x0367, 0x0367,
    0x0367, 0x240A, 0xF79C, 0x0BA8, 0x0367, 0x0367, 0x0367, 0x0367, 0x0367, 0x0367, 0x0367, 0x0367,
    0x4CAD, 0xF7BD, 0xF7BD, 0xF7BD, 0xF7BD, 0xF7BD, 0xF7BD, 0xF7BD, 0xF7BD, 0xF7BD, 0xF7BD, 0xF7BD,
    0xF7BD, 0xF7BD, 0xF7BD, 0xF7BD, 0xF7BD, 0xF7BD, 0xF7BD, 0xF7BD, 0xF7BD, 0xF7BD, 0xF7BD, 0xF7BD,
    0xF7BD, 0xF7BD, 0xF7BD, 0x2C0A, 0x0367, 0x0367, 0x0367, 0x0367, 0x0367, 0x0367, 0x0367, 0x0367,
    0x1BEA, 0xF7BD, 0xF7BD, 0xF7BD, 0xF7BD, 0xF7BD, 0xF7BD, 0xF7BD, 0x13A9, 0x0367, 0x0367, 0x0367,
    0x0367, 0x0367, 0x0367, 0x0367, 0x0367, 0xDF3A, 0xF7BD, 0xF7BD, 0xF7BD, 0xB676, 0x0367, 0x0367,
    0x0367, 0x0367, 0x0367, 0x0367, 0x0367, 0x0367, 0x0367, 0x54EE, 0xF7BD, 0xF7BD, 0xF7BD, 0xF7BD,
    0xF7BD, 0xF7BD, 0xF7BD, 0xEF7B, 0x0BA8, 0x0367, 0x0367, 0x0367, 0x0367, 0x0367, 0x0367, 0x0367,
    0x0367, 0x2C2B, 0xF7BD, 0xF7BD, 0xF7BD, 0xF7BD, 0xEF7C, 0x0387, 0x0367, 0x0367, 0x0367, 0x0367,
    0x0367, 0x0367, 0x0367, 0x0367, 0x54EE, 0xF7BD, 0xF7BD, 0xF7BD, 0xF7BD, 0xF7BD, 0xF7BD, 0xD719,
    0x0367, 0x0367, 0x0367, 0x0367, 0x0367, 0x0367, 0x0367, 0x0367, 0x1BE9, 0xF7BD, 0xF7BD, 0xF7BD,
    0xF7BD, 0xF7BD, 0x7571, 0x0367, 0x0367, 0x0367, 0x0367, 0x0367, 0x0367, 0x4CAD, 0xF7BD, 0xF7BD,
    0xF7BD, 0xF7BD, 0x95F4, 0x0367, 0x0367, 0x0367, 0x0367, 0x0367, 0x0367, 0x1BE9, 0xF7BD, 0xF7BD,
    0xF7BD, 0xF7BD, 0xB676, 0x0367, 0x0367, 0x0367, 0x0367, 0x0367, 0x0367, 0x0367, 0xC6D8, 0xF7BD,
    0xF7BD, 0x8DD3, 0x0367, 0x0367, 0x0367, 0x0367, 0x0367, 0x0367, 0x0BA8, 0x9E14, 0x1BC9, 0x0367,
    0x0367, 0x3C6C, 0xE75B, 0xF7BD, 0xF7BD, 0xF7BD, 0xF7BD, 0xF7BD, 0xCEF9, 0x13A8, 0x0367, 0x0367,
    0x0367, 0xB697, 0xF7BD, 0xA635, 0x0367, 0x0367, 0x0367, 0x0367, 0x0367, 0x0367, 0x0367, 0xE75B,
    0xEF7C, 0x5D0F, 0x0367, 0x0367, 0x4CCE, 0xF7BC, 0xF7BD, 0xF7BD, 0xF7BD, 0xF7BD, 0xDF3A, 0x1BC9,
    0x0367, 0x0367, 0x0367, 0xAE56, 0xCF19, 0x0367, 0x0367, 0x0367, 0x0367, 0x0367, 0x0367, 0x0367,
    0x0367, 0x0367, 0x8DD3, 0xF7BD, 0xF7BD, 0xF7BD, 0xF7BD, 0xF7BD, 0xF7BD, 0xF7BD, 0xF7BD, 0xF7BD,
    0xF7BD, 0xF7BD, 0xF7BD, 0xF7BD, 0xF7BD, 0xF7BD, 0xF7BD, 0xF7BD, 0xF7BD, 0xF7BD, 0xF7BD, 0xF7BD,
    0xF7BD, 0xF7BD, 0xF7BD, 0xF7BD, 0xDF3A, 0x0367, 0x0367, 0x0367, 0x0367, 0x0367, 0x0367, 0x0367,
    0x0367, 0x0367, 0x6510, 0xF7BD, 0xF7BD, 0xF7BD, 0xF7BD, 0xF7BD, 0xF7BD, 0xD71A, 0x0367, 0x0367,
    0x0367, 0x0367, 0x0367, 0x0367, 0x0367, 0x0367, 0x0387, 0xF7BD, 0xF7BD, 0xF7BD, 0xF7BD, 0xBE97,
    0x0367, 0x0367, 0x0367, 0x0367, 0x0367, 0x0367, 0x0367, 0x0367, 0x0367, 0x344C, 0xF7BD, 0xF7BD,
    0xF7BD, 0xF7BD, 0xF7BD, 0xF7BD, 0xF7BD, 0x650F, 0x0367, 0x0367, 0x0367, 0x0367, 0x0367, 0x0367,
    0x0367, 0x0367, 0x0367, 0x6530, 0xF7BD, 0xF7BD, 0xF7BD, 0xF7BD, 0xAE76, 0x0367, 0x0367, 0x0367,
    0x0367, 0x0367, 0x0367, 0x0367, 0x0367, 0x0367, 0x9E14, 0xF7BD, 0xF7BD, 0xF7BD, 0xF7BD, 0xF7BD,
    0xF7BD, 0xA635, 0x0367, 0x0367, 0x0367, 0x0367, 0x0367, 0x0367, 0x0367, 0x0367, 0x4CAD, 0xF7BD,
    0xF7BD, 0xF7BD, 0xF7BD, 0xF7BD, 0x54CE, 0x0367, 0x0367, 0x0367, 0x0367, 0x0367, 0x0367, 0x6530,
    0xF7BD, 0xF7BD, 0xF7BD, 0xF7BC, 0x240A, 0x0367, 0x0367, 0x0367, 0x0367, 0x0367, 0x0367, 0x346C,
    0xF7BD, 0xF7BD, 0xF7BD, 0xF7BD, 0x650F, 0x0367, 0x0367, 0x0367, 0x0367, 0x0367, 0x0367, 0x0367,
    0xEF9C, 0xF7BD, 0xF7BD, 0xA635, 0x0367, 0x0367, 0x0367, 0x0367, 0x0367, 0x0367, 0x0367, 0x0367,
    0x0367, 0x0367, 0x6530, 0xEF9C, 0xF7BD, 0xF7BD, 0xF7BD, 0xF7BD, 0xF7BD, 0xC6D8, 0x1BC9, 0x0367,
    0x0367, 0x0367, 0x5D0F, 0xF7BD, 0xF7BD, 0xBE97, 0x0367, 0x0367, 0x0367, 0x0367, 0x0367, 0x0367,
    0x0367, 0x4CAD, 0x23EA, 0x0367, 0x0367, 0x448D, 0xF79C, 0xF7BD, 0xF7BD, 0xF7BD, 0xF7BD, 0xD719,
    0x23EA, 0x0367, 0x0367, 0x0367, 0x54CE, 0xF7BD, 0xA635, 0x0367, 0x0367, 0x0367, 0x0367, 0x0367,
    0x0367, 0x0367, 0x0367, 0x0367, 0xC6B8, 0xF7BD, 0xF7BD, 0xF7BD, 0xF7BD, 0xF7BD, 0xF7BD, 0xF7BD,
    0xF7BD, 0xF7BD, 0xF7BD, 0xF7BD, 0xF7BD, 0xF7BD, 0xF7BD, 0xF7BD, 0xF7BD, 0xF7BD, 0xF7BD, 0xF7BD,
    0xF7BD, 0xF7BD, 0xF7BD, 0xF7BD, 0xF7BD, 0xF7BD, 0x9E15, 0x0367, 0x0367, 0x0367, 0x0367, 0x0367,
    0x0367, 0x0367, 0x0367, 0x0367, 0xAE56, 0xF7BD, 0xF7BD, 0xF7BD, 0xF7BD, 0xF7BD, 0xF7BD, 0xBE97,
    0x0367, 0x0367, 0x0367, 0x0367, 0x0367, 0x0367, 0x0367, 0x0367, 0x0367, 0xEF7C, 0xF7BD, 0xF7BD,
    0xF7BD, 0xD71A, 0x0367, 0x0367, 0x0367, 0x0367, 0x0367, 0x0367, 0x0367, 0x0367, 0x0367, 0x0367,
    0xD71A, 0xF7BD, 0xF7BD, 0xF7BD, 0xF7BD, 0xF7BC, 0x7D71, 0x0367, 0x0367, 0x0367, 0x0367, 0x0367,
    0x0367, 0x0367, 0x0367, 0x0367, 0x0367, 0x6530, 0xF7BD, 0xF7BD, 0xF7BD, 0xF7BD, 0x6D50, 0x0367,
    0x0367, 0x0367, 0x0367, 0x0367, 0x0367, 0x0367, 0x0367, 0x0367, 0xDF3A, 0xF7BD, 0xF7BD, 0xF7BD,
    0xF7BD, 0xF7BD, 0xF7BD, 0x85B3, 0x0367, 0x0367, 0x0367, 0x0367, 0x0367, 0x0367, 0x0367, 0x0367,
    0x448D, 0xF7BD, 0xF7BD, 0xF7BD, 0xF7BD, 0xF7BD, 0x448D, 0x0367, 0x0367, 0x0367, 0x0367, 0x0367,
    0x0367, 0x54EE, 0xF7BD, 0xF7BD, 0xF7BD, 0x85B3, 0x0367, 0x0367, 0x0367, 0x0367, 0x0367, 0x0367,
    0x0367, 0x2C2B, 0xF7BD, 0xF7BD, 0xF7BD, 0xB676, 0x0367, 0x0367, 0x0367, 0x0367, 0x0367, 0x0367,
    0x0367, 0x0387, 0xF7BD, 0xF7BD, 0xF7BD, 0xCED8, 0x0367, 0x0367, 0x0367, 0x0367, 0x0367, 0x0367,
    0x0367, 0x0367, 0x0367, 0x9E14, 0xF7BD, 0xF7BD, 0xF7BD, 0xF7BD, 0xF7BD, 0xF79C, 0x85D3, 0x0B88,
    0x0367, 0x0367, 0x0367, 0x0367, 0xE75B, 0xF7BD, 0xF7BD, 0xDF3A, 0x0367, 0x0367, 0x0367, 0x0367,
    0x0367, 0x0367, 0x0367, 0x0367, 0x0367, 0x0367, 0x44AD, 0xEF7C, 0xF7BD, 0xF7BD, 0xF7BD, 0xF79C,
    0x95F4, 0x0B88, 0x0367, 0x0367, 0x0367, 0x240A, 0xEF7B, 0xF7BD, 0x8DF4, 0x0367, 0x0367, 0x0367,
    0x0367, 0x0367, 0x0367, 0x0367, 0x0367, 0x0367, 0xAE56, 0xF7BD, 0xF7BD, 0xF7BD, 0xF7BD, 0xF7BD,
    0xF7BD, 0xF7BD, 0xF7BD, 0xF7BD, 0xF7BD, 0xF7BD, 0xF7BD, 0xF7BD, 0xF7BD, 0xF7BD, 0xF7BD, 0xF7BD,
    0xF7BD, 0xF7BD, 0xF7BD, 0xF7BD, 0xF7BD, 0xF7BD, 0xF7BD, 0xF7BD, 0x5CEF, 0x0367, 0x0367, 0x0367,
    0x0367, 0x0367, 0x0367, 0x0367, 0x0367, 0x0367, 0xEF7B, 0xF7BD, 0xF7BD, 0xF7BD, 0xF7BD, 0xF7BD,
    0xF7BD, 0xB676, 0x0367, 0x0367, 0x0367, 0x0367, 0x0367, 0x0367, 0x0367, 0x0367, 0x0367, 0x54EE,
    0xD719, 0xEF9C, 0xD71A, 0x95F4, 0x0367, 0x0367, 0x0367, 0x0367, 0x0367, 0x0367, 0x0367, 0x0367,
    0x0367, 0x0367, 0x2C2B, 0xBEB7, 0xEF7C, 0xE75B, 0xA655, 0x344C, 0x0367, 0x0367, 0x0367, 0x0367,
    0x0367, 0x0367, 0x0367, 0x0367, 0x0367, 0x0367, 0x0367, 0x13C9, 0xD71A, 0xF7BD, 0xF7BD, 0xF79C,
    0x240A, 0x0367, 0x0367, 0x0367, 0x0367, 0x0367, 0x0367, 0x0367, 0x0367, 0x2C0A, 0xF7BD, 0xF7BD,
    0xF7BD, 0xF7BD, 0xF7BD, 0xF7BD, 0xF7BD, 0x7D92, 0x0367, 0x0367, 0x0367, 0x0367, 0x0367, 0x0367,
    0x0367, 0x0367, 0x0B88, 0xD719, 0xF7BD, 0xF7BD, 0xF7BC, 0x9E15, 0x0B88, 0x0367, 0x0367, 0x0367,
    0x0367, 0x0367, 0x0367, 0x0BA8, 0xCED8, 0xDF3A, 0x7571, 0x0367, 0x0367, 0x0367, 0x0367, 0x0367,
    0x0367, 0x0367, 0x0367, 0x0367, 0xAE56, 0xE75B, 0x95F4, 0x0B88, 0x0367, 0x0367, 0x0367, 0x0367,
    0x0367, 0x0367, 0x0367, 0x0367, 0xBEB7, 0xF7BD, 0xF7BD, 0xF7BC, 0x13A8, 0x0367, 0x0367, 0x0367,
    0x0367, 0x0367, 0x0367, 0x0367, 0x0367, 0x0BA8, 0x650F, 0x95F4, 0xAE56, 0x9E14, 0x6D30, 0x13C9,
    0x0367, 0x0367, 0x0367, 0x0367, 0x0367, 0x0367, 0xAE76, 0xF7BD, 0xF7BD, 0xF7BD, 0x240A, 0x0367,
    0x0367, 0x0367, 0x0367, 0x0367, 0x0367, 0x0367, 0x0367, 0x0367, 0x54EE, 0x95F4, 0xAE56, 0x9E35,
    0x6D50, 0x1BE9, 0x0367, 0x0367, 0x0367, 0x0367, 0x1BC9, 0xD719, 0xF7BD, 0xF7BD, 0x9E15, 0x0367,
    0x0367, 0x0367, 0x0367, 0x0367, 0x0367, 0x0367, 0x0367, 0x0367, 0x1BE9, 0xA635, 0xCEF9, 0xCEF9,
    0xAE76, 0xF79C, 0xF7BD, 0xF7BD, 0xF7BD, 0xF7BD, 0xF7BD, 0xF7BD, 0xF7BD, 0xF7BD, 0xF7BD, 0xF7BD,
    0xF7BD, 0xF7BD, 0xF7BD, 0xF7BD, 0xF7BD, 0xF7BD, 0xF7BD, 0xF7BD, 0xF7BD, 0xF7BC, 0x13C9, 0x0367,
    0x0367, 0x0367, 0x0367, 0x0367, 0x0367, 0x0367, 0x0367, 0x346C, 0xF7BD, 0xF7BD, 0xF7BD, 0xF7BD,
    0xF7BD, 0xF7BD, 0xF7BD, 0xD719, 0x0367, 0x0367, 0x0367, 0x0367, 0x0367, 0x0367, 0x0367, 0x0367,
    0x0367, 0x0367, 0x0367, 0x0367, 0x0367, 0x0367, 0x0367, 0x0367, 0x0367, 0x0367, 0x0367, 0x0367,
    0x0367, 0x0367, 0x0367, 0x0367, 0x0367, 0x0367, 0x0367, 0x0367, 0x0367, 0x0367, 0x0367, 0x0367,
    0x0367, 0x0367, 0x0367, 0x0367, 0x0367, 0x0367, 0x0367, 0x0367, 0x0367, 0x0367, 0x0367, 0x344B,
    0x3C6C, 0x13A9, 0x0367, 0x0367, 0x0367, 0x0367, 0x0367, 0x0367, 0x0367, 0x0367, 0x0367, 0x6D50,
    0xF7BD, 0xF7BD, 0xF7BD, 0xF7BD, 0xF7BD, 0xF7BD, 0xF7BD, 0x9614, 0x0367, 0x0367, 0x0367, 0x0367,
    0x0367, 0x0367, 0x0367, 0x0367, 0x0367, 0x0367, 0x344B, 0x448D, 0x13C9, 0x0367, 0x0367, 0x0367,
    0x0367, 0x0367, 0x0367, 0x0367, 0x0367, 0x0367, 0x0367, 0x0367, 0x0367, 0x0367, 0x0367, 0x0367,
    0x0367, 0x0367, 0x0367, 0x0367, 0x0367, 0x0367, 0x0367, 0x0367, 0x0367, 0x0367, 0x0367, 0x0367,
    0x0367, 0x0367, 0x0367, 0x0367, 0x0367, 0x0367, 0x0B88, 0x448D, 0x54CE, 0x2C0A, 0x0367, 0x0367,
    0x0367, 0x0367, 0x0367, 0x0367, 0x0367, 0x0367, 0x0367, 0x0367, 0x0367, 0x0367, 0x0367, 0x0367,
    0x0367, 0x0367, 0x0367, 0x0367, 0x0367, 0x0367, 0x0367, 0x0367, 0x0387, 0x448D, 0x54EF, 0x448D,
    0x0BA8, 0x0367, 0x0367, 0x0367, 0x0367, 0x0367, 0x0367, 0x0367, 0x0367, 0x0367, 0x0367, 0x0367,
    0x0367, 0x0367, 0x0367, 0x0367, 0x0367, 0x0367, 0x0367, 0x240A, 0xD719, 0xF7BD, 0xF7BD, 0xF7BD,
    0xC6B8, 0x0367, 0x0367, 0x0367, 0x0367, 0x0367, 0x0367, 0x0367, 0x0367, 0x0367, 0x0367, 0x0367,
    0x0367, 0x0367, 0x1BE9, 0xF7BD, 0xF7BD, 0xF7BD, 0xF7BD, 0xF7BD, 0xF7BD, 0xF7BD, 0xF7BD, 0xF7BD,
    0xF7BD, 0xF7BD, 0xF7BD, 0xF7BD, 0xF7BD, 0xF7BD, 0xF7BD, 0xF7BD, 0xF7BD, 0xF7BD, 0xF7BD, 0xCEF9,
    0x0367, 0x0367, 0x0367, 0x0367, 0x0367, 0x0367, 0x0367, 0x0367, 0x0367, 0x7D92, 0xF7BD, 0xF7BD,
    0xF7BD, 0xF7BD, 0xF7BD, 0xF7BD, 0xF7BD, 0xF7BD, 0x2C2B, 0x0367, 0x0367, 0x0367, 0x0367, 0x0367,
    0x0367, 0x0367, 0x0367, 0x0367, 0x0367, 0x0367, 0x0367, 0x0367, 0x0367, 0x0367, 0x0367, 0x0367,
    0x0367, 0x0367, 0x0367, 0x0367, 0x0367, 0x0367, 0x0367, 0x0367, 0x0367, 0x0367, 0x0367, 0x0367,
    0x0367, 0x0367, 0x0367, 0x1BE9, 0x0367, 0x0367, 0x0367, 0x0367, 0x0367, 0x0367, 0x0367, 0x0367,
    0x0367, 0x0367, 0x0367, 0x0367, 0x0367, 0x0367, 0x0367, 0x0367, 0x0367, 0x0367, 0x0367, 0x0367,
    0x0367, 0xAE76, 0xF7BD, 0xF7BD, 0xF7BD, 0xF7BD, 0xF7BD, 0xF7BD, 0xF7BD, 0xDF3A, 0x0367, 0x0367,
    0x0367, 0x0367, 0x0367, 0x0367, 0x0367, 0x0367, 0x0367, 0x0367, 0x0367, 0x0367, 0x0367, 0x0367,
    0x0367, 0x0367, 0x0367, 0x0367, 0x0367, 0x0367, 0x0367, 0x0367, 0x0367, 0x0367, 0x0367, 0x0367,
    0x0B88, 0x0367, 0x0367, 0x0367, 0x0367, 0x0367, 0x0367, 0x0367, 0x0367, 0x0367, 0x0367, 0x0367,
    0x0367, 0x0367, 0x0367, 0x0367, 0x0367, 0x0367, 0x0367, 0x0367, 0x0367, 0x0367, 0x0367, 0x0367,
    0x0367, 0x0367, 0x0367, 0x0367, 0x0367, 0x0367, 0x0367, 0x0367, 0x0367, 0x0367, 0x0367, 0x0367,
    0x0367, 0x0367, 0x0367, 0x0367, 0x0367, 0x0367, 0x0367, 0x0367, 0x0367, 0x0367, 0x0367, 0x0367,
    0x0367, 0x0367, 0x0367, 0x0367, 0x0367, 0x0367, 0x0367, 0x0367, 0x0367, 0x0367, 0x0367, 0x0367,
    0x0367, 0x0367, 0x0367, 0x0367, 0x0367, 0x0367, 0x0367, 0x0367, 0x4CAE, 0xEF7B, 0xF7BD, 0xF7BD,
    0xF7BD, 0xF7BD, 0xF7BC, 0x1BE9, 0x0367, 0x0367, 0x0367, 0x0367, 0x0367, 0x0367, 0x0367, 0x0367,
    0x0367, 0x0367, 0x0367, 0x0367, 0x7571, 0xF7BD, 0xF7BD, 0xF7BD, 0xF7BD, 0xF7BD, 0xF7BD, 0xF7BD,
    0xF7BD, 0xF7BD, 0xF7BD, 0xF7BD, 0xF7BD, 0xF7BD, 0xF7BD, 0xF7BD, 0xF7BD, 0xF7BD, 0xF7BD, 0xF7BD,
    0xF7BD, 0x8DD3, 0x0367, 0x0367, 0x0367, 0x0367, 0x0367, 0x0367, 0x0367, 0x0367, 0x0367, 0xBEB8,
    0xF7BD, 0xF7BD, 0xF7BD, 0xF7BD, 0xF7BD, 0xF7BD, 0xF7BD, 0xF7BD, 0xBE97, 0x0367, 0x0367, 0x0367,
    0x0367, 0x0367, 0x0367, 0x0367, 0x0367, 0x0367, 0x0367, 0x0367, 0x0367, 0x0367, 0x240A, 0x8DD3,
    0x0387, 0x0367, 0x0367, 0x0367, 0x0367, 0x0367, 0x0367, 0x0367, 0x0367, 0x0367, 0x0367, 0x0367,
    0x0367, 0x0367, 0x0367, 0x13A8, 0xA635, 0xAE76, 0x0367, 0x0367, 0x0367, 0x0367, 0x0367, 0x0367,
    0x0367, 0x0367, 0x0367, 0x0367, 0x0367, 0x0367, 0x0367, 0x0367, 0x0367, 0x0367, 0x0367, 0x0367,
    0x0367, 0x0367, 0x0387, 0xEF7C, 0xF7BD, 0xF7BD, 0xF7BD, 0xF7BD, 0xF7BD, 0xF7BD, 0xF7BD, 0xF7BD,
    0x5D0F, 0x0367, 0x0367, 0x0367, 0x0367, 0x0367, 0x0367, 0x0367, 0x0367, 0x0367, 0x0367, 0x0367,
    0x0367, 0x1BC9, 0xB676, 0x1BC9, 0x0367, 0x0367, 0x0367, 0x0367, 0x0367, 0x0367, 0x0367, 0x0367,
    0x0367, 0x0BA8, 0xC6D8, 0x0B88, 0x0367, 0x0367, 0x0367, 0x0367, 0x0367, 0x0367, 0x0367, 0x0367,
    0x0367, 0x0367, 0x0387, 0x4CAD, 0x0367, 0x0367, 0x0367, 0x0367, 0x0367, 0x0367, 0x0367, 0x0367,
    0x0367, 0x0367, 0x0367, 0x13C9, 0x0BA8, 0x0367, 0x0367, 0x0367, 0x0367, 0x0367, 0x0367, 0x0367,
    0x0367, 0x0367, 0x0367, 0x0367, 0x0367, 0x0367, 0x0367, 0x0367, 0x0367, 0x0367, 0x0367, 0x0367,
    0x0367, 0x0367, 0x0367, 0x0367, 0x0367, 0x0367, 0x0367, 0x0367, 0x0367, 0x0367, 0x0367, 0x0367,
    0x0367, 0x0367, 0x0367, 0x0367, 0x0367, 0x0367, 0x0367, 0x0367, 0x13C9, 0xA635, 0xF7BD, 0xF7BD,
    0xF7BD, 0xF7BD, 0xF7BD, 0xF7BD, 0xF7BD, 0xA655, 0x0367, 0x0367, 0x0367, 0x0367, 0x0367, 0x0367,
    0x0367, 0x0367, 0x0367, 0x0367, 0x0367, 0x2C0A, 0xEF7B, 0xF7BD, 0xF7BD, 0xF7BD, 0xF7BD, 0xF7BD,
    0xF7BD, 0xF7BD, 0xF7BD, 0xF7BD, 0xF7BD, 0xF7BD, 0xF7BD, 0xF7BD, 0xF7BD, 0xF7BD, 0xF7BD, 0xF7BD,
    0xF7BD, 0xF7BD, 0xF7BD, 0x448D, 0x0367, 0x0367, 0x0367, 0x0367, 0x0367, 0x0367, 0x0367, 0x0367,
    0x0BA8, 0xF79C, 0xF7BD, 0xF7BD, 0xF7BD, 0xF7BD, 0xF7BD, 0xF7BD, 0xF7BD, 0xF7BD, 0xF7BD, 0xB676,
    0x13C9, 0x0367, 0x0367, 0x0367, 0x0367, 0x0367, 0x0367, 0x0367, 0x0367, 0x0367, 0x0B88, 0x7551,
    0xEF7C, 0xF7BD, 0xBEB8, 0x240A, 0x0367, 0x0367, 0x0367, 0x0367, 0x0367, 0x0367, 0x0367, 0x0367,
    0x0367, 0x0367, 0x0367, 0x13A9, 0x7571, 0xE75B, 0xF7BD, 0xF7BD, 0x6530, 0x0367, 0x0367, 0x0367,
    0x0367, 0x0367, 0x0367, 0x0367, 0x0367, 0x0367, 0x0BA8, 0x0367, 0x0367, 0x0367, 0x0367, 0x0367,
    0x0367, 0x0367, 0x0367, 0x0367, 0x3C6C, 0xF7BD, 0xF7BD, 0xF7BD, 0xF7BD, 0xF7BD, 0xF7BD, 0xF7BD,
    0xF7BD, 0xF7BD, 0xEF7C, 0x4CAD, 0x0367, 0x0367, 0x0367, 0x0367, 0x0367, 0x0367, 0x0367, 0x0367,
    0x0367, 0x0BA8, 0x7571, 0xEF7B, 0xF7BD, 0xBE97, 0x0B88, 0x0367, 0x0367, 0x0367, 0x0367, 0x0367,
    0x0367, 0x0367, 0x13C9, 0xC6D8, 0xF7BD, 0x8DD3, 0x0367, 0x0367, 0x0367, 0x0367, 0x0367, 0x0367,
    0x0367, 0x0367, 0x0367, 0x344C, 0xCEF9, 0xF7BC, 0x5D0F, 0x0367, 0x0367, 0x0367, 0x0367, 0x0367,
    0x0367, 0x0367, 0x0367, 0x3C6C, 0x9E35, 0xF79C, 0xD719, 0x344C, 0x0367, 0x0367, 0x0367, 0x0367,
    0x0367, 0x0367, 0x0367, 0x0367, 0x0367, 0x0367, 0x240A, 0x95F4, 0x7571, 0x0367, 0x0367, 0x0367,
    0x0367, 0x0367, 0x0367, 0x0367, 0x0367, 0x0367, 0x0B88, 0x54EF, 0xA635, 0x3C6C, 0x0367, 0x0367,
    0x0367, 0x0367, 0x0367, 0x0367, 0x0367, 0x0367, 0x0367, 0x0367, 0x240A, 0x8DD3, 0xEF9C, 0xF7BD,
    0xF7BD, 0xF7BD, 0xF7BD, 0xF7BD, 0xF7BD, 0xF7BD, 0xF7BD, 0xF7BD, 0x95F4, 0x0B88, 0x0367, 0x0367,
    0x0367, 0x0367, 0x0367, 0x0367, 0x0367, 0x0367, 0x448D, 0xE75B, 0xF7BD, 0xF7BD, 0xF7BD, 0xF7BD,
    0xF7BD, 0xF7BD, 0xF7BD, 0xF7BD, 0xF7BD, 0xF7BD, 0xF7BD, 0xF7BD, 0xF7BD, 0xF7BD, 0xF7BD, 0xF7BD,
    0xF7BD, 0xF7BD, 0xF7BD, 0xF7BD, 0xF7BD, 0x44AD, 0x3C6C, 0x3C6C, 0x3C6C, 0x3C6C, 0x3C6C, 0x3C6C,
    0x3C6C, 0x3C6C, 0x7551, 0xF7BD, 0xF7BD, 0xF7BD, 0xF7BD, 0xF7BD, 0xF7BD, 0xF7BD, 0xF7BD, 0xF7BD,
    0xF7BD, 0xF7BD, 0xEF7C, 0x95F4, 0x4CCE, 0x1BE9, 0x0B88, 0x0367, 0x0387, 0x1BC9, 0x448D, 0x8DD3,
    0xE75B, 0xF7BD, 0xF7BD, 0xF7BD, 0xF7BD, 0xF79C, 0xA655, 0x5CEF, 0x240A, 0x0BA8, 0x0367, 0x0367,
    0x0BA8, 0x2C0A, 0x4CAE, 0x7D92, 0xBEB7, 0xF79C, 0xF7BD, 0xF7BD, 0xF7BD, 0xF7BD, 0xF7BD, 0xAE56,
    0x4CAD, 0x13A9, 0x0367, 0x0367, 0x0B88, 0x2C2B, 0x650F, 0xA635, 0xD719, 0x3C6C, 0x3C6C, 0x3C6C,
    0x3C6C, 0x3C6C, 0x3C6C, 0x3C6C, 0x3C6C, 0x3C6C, 0x9E15, 0xF7BD, 0xF7BD, 0xF7BD, 0xF7BD, 0xF7BD,
    0xF7BD, 0xF7BD, 0xF7BD, 0xF7BD, 0xF7BD, 0xF7BC, 0xAE56, 0x54CE, 0x1BC9, 0x0367, 0x0367, 0x0BA8,
    0x2C2B, 0x650F, 0x9E35, 0xEF7C, 0xF7BD, 0xF7BD, 0xF7BD, 0xF7BD, 0xD719, 0x5CEF, 0x1BC9, 0x0367,
    0x0367, 0x0387, 0x2C2B, 0x7D71, 0xE77B, 0xF7BD, 0xF7BD, 0xF7BD, 0xBEB7, 0x5CEF, 0x2C0A, 0x13A9,
    0x0367, 0x0BA8, 0x2C0A, 0x6530, 0xBE97, 0xF7BD, 0xF7BD, 0xF7BD, 0xF7BD, 0xB697, 0x54CE, 0x1BEA,
    0x13A8, 0x2C0A, 0x54EE, 0x95F4, 0xDF3A, 0xF7BD, 0xF7BD, 0xF7BD, 0xF7BD, 0xF7BC, 0xB697, 0x6530,
    0x2C2B, 0x0387, 0x0367, 0x0367, 0x1BE9, 0x448D, 0x7D92, 0xC6D8, 0xF7BD, 0xF7BD, 0xF7BD, 0xBEB7,
    0x54EE, 0x1BEA, 0x0BA8, 0x1BC9, 0x2C2B, 0x54CE, 0x7D92, 0xBE97, 0xEF9C, 0xF7BD, 0xF7BD, 0xF7BD,
    0xC6B8, 0x6D30, 0x344B, 0x0BA8, 0x0367, 0x0387, 0x1BE9, 0x448D, 0x7D92, 0xC6D8, 0xF7BD, 0xF7BD,
    0xF7BD, 0xF7BD, 0xF7BD, 0xF7BD, 0xF7BD, 0xF7BD, 0xF7BD, 0xF7BD, 0xF7BD, 0xF7BD, 0xF7BD, 0xDF3A,
    0x7571, 0x344B, 0x0B88, 0x0367, 0x0367, 0x240A, 0x5CEF, 0xB697, 0xF7BD, 0xF7BD, 0xF7BD, 0xF7BD,
    0xF7BD, 0xF7BD, 0xF7BD, 0xF7BD, 0xF7BD, 0xF7BD, 0xF7BD, 0xF7BD, 0xF7BD, 0xF7BD, 0xF7BD, 0xF7BD,
    0xF7BD, 0xF7BD, 0xF7BD, 0xF7BD, 0xF7BD, 0xF7BD, 0xF7BD, 0xF7BD, 0xF7BD, 0xF7BD, 0xF7BD, 0xF7BD,
    0xF7BD, 0xF7BD, 0xF7BD, 0xF7BD, 0xF7BD, 0xF7BD, 0xF7BD, 0xF7BD, 0xF7BD, 0xF7BD, 0xF7BD, 0xF7BD,
    0xF7BD, 0xF7BD, 0xF7BD, 0xF7BD, 0xF7BD, 0xF7BD, 0xF7BD, 0xF7BD, 0xF7BD, 0xF7BD, 0xF7BD, 0xF7BD,
    0xF7BD, 0xF7BD, 0xF7BD, 0xF7BD, 0xF7BD, 0xF7BD, 0xF7BD, 0xF7BD, 0xF7BD, 0xF7BD, 0xF7BD, 0xF7BD,
    0xF7BD, 0xF7BD, 0xF7BD, 0xF7BD, 0xF7BD, 0xF7BD, 0xF7BD, 0xF7BD, 0xF7BD, 0xF7BD, 0xF7BD, 0xF7BD,
    0xF7BD, 0xF7BD, 0xF7BD, 0xF7BD, 0xF7BD, 0xF7BD, 0xF7BD, 0xF7BD, 0xF7BD, 0xF7BD, 0xF7BD, 0xF7BD,
    0xF7BD, 0xF7BD, 0xF7BD, 0xF7BD, 0xF7BD, 0xF7BD, 0xF7BD, 0xF7BD, 0xF7BD, 0xF7BD, 0xF7BD, 0xF7BD,
    0xF7BD, 0xF7BD, 0xF7BD, 0xF7BD, 0xF7BD, 0xF7BD, 0xF7BD, 0xF7BD, 0xF7BD, 0xF7BD, 0xF7BD, 0xF7BD,
    0xF7BD, 0xF7BD, 0xF7BD, 0xF7BD, 0xF7BD, 0xF7BD, 0xF7BD, 0xF7BD, 0xF7BD, 0xF7BD, 0xF7BD, 0xF7BD,
    0xF7BD, 0xF7BD, 0xF7BD, 0xF7BD, 0xF7BD, 0xF7BD, 0xF7BD, 0xF7BD, 0xF7BD, 0xF7BD, 0xF7BD, 0xF7BD,
    0xF7BD, 0xF7BD, 0xF7BD, 0xF7BD, 0xF7BD, 0xF7BD, 0xF7BD, 0xF7BD, 0xF7BD, 0xF7BD, 0xF7BD, 0xF7BD,
    0xF7BD, 0xF7BD, 0xF7BD, 0xF7BD, 0xF7BD, 0xF7BD, 0xF7BD, 0xF7BD, 0xF7BD, 0xF7BD, 0xF7BD, 0xF7BD,
    0xF7BD, 0xF7BD, 0xF7BD, 0xF7BD, 0xF7BD, 0xF7BD, 0xF7BD, 0xF7BD, 0xF7BD, 0xF7BD, 0xF7BD, 0xF7BD,
    0xF7BD, 0xF7BD, 0xF7BD, 0xF7BD, 0xF7BD, 0xF7BD, 0xF7BD, 0xF7BD, 0xF7BD, 0xF7BD, 0xF7BD, 0xF7BD,
    0xF7BD, 0xF7BD, 0xF7BD, 0xF7BD, 0xF7BD, 0xF7BD, 0xF7BD, 0xF7BD, 0xF7BD, 0xF7BD, 0xF7BD, 0xF7BD,
    0xF7BD, 0xF7BD, 0xF7BD, 0xF7BD, 0xF7BD, 0xF7BD, 0xF7BD, 0xF7BD, 0xF7BD, 0xF7BD, 0xF7BD, 0xF7BD,
    0xF7BD, 0xF7BD, 0xF7BD, 0xF7BD, 0xF7BD, 0xF7BD, 0xF7BD, 0xF7BD, 0xF7BD, 0xF7BD, 0xF7BD, 0xF7BD,
    0xF7BD, 0xF7BD, 0xF7BD, 0xF7BD, 0xF7BD, 0xF7BD, 0xF7BD, 0xF7BD, 0xF7BD, 0xF7BD, 0xF7BD, 0xF7BD,
    0xF7BD, 0xF7BD, 0xF7BD, 0xF7BD, 0xF7BD, 0xF7BD, 0xF7BD, 0xF7BD, 0xF7BD, 0xF7BD, 0xF7BD, 0xF7BD,
    0xF7BD, 0xF7BD, 0xF7BD, 0xF7BD, 0xF7BD, 0xF7BD, 0xF7BD, 0xF7BD, 0xF7BD, 0xF7BD, 0xF7BD, 0xF7BD,
    0xF7BD, 0xF7BD, 0xF7BD, 0xF7BD, 0xF7BD, 0xF7BD, 0xF7BD, 0xF7BD, 0xF7BD, 0xF7BD, 0xF7BD, 0xF7BD,
    0xF7BD, 0xF7BD, 0xF7BD, 0xF7BD, 0xF7BD, 0xF7BD, 0xF7BD, 0xF7BD, 0xF7BD, 0xF7BD, 0xF7BD, 0xF7BD,
    0xF7BD, 0xF7BD, 0xF7BD, 0xF7BD, 0xF7BD, 0xF7BD, 0xF7BD, 0xF7BD, 0xF7BD, 0xF7BD, 0xF7BD, 0xF7BD,
    0xF7BD, 0xF7BD, 0xF7BD, 0xF7BD, 0xF7BD, 0xF7BD, 0xF7BD, 0xF7BD, 0xF7BD, 0xF7BD, 0xF7BD, 0xF7BD,
    0xF7BD, 0xF7BD, 0xF7BD, 0xF7BD, 0xF7BD, 0xF7BD, 0xF7BD, 0xF7BD, 0xF7BD, 0xF7BD, 0xF7BD, 0xF7BD,
    0xF7BD, 0xF7BD, 0xF7BD, 0xF7BD, 0xF7BD, 0xF7BD, 0xF7BD, 0xF7BD, 0xF7BD, 0xF7BD, 0xF7BD, 0xF7BD,
    0xF7BD, 0xF7BD, 0xF7BD, 0xF7BD, 0xF7BD, 0xF7BD, 0xF7BD, 0xF7BD, 0xF7BD, 0xF7BD, 0xF7BD, 0xF7BD,
    0xF7BD, 0xF7BD, 0xF7BD, 0xF7BD, 0xF7BD, 0xF7BD, 0xF7BD, 0xF7BD, 0xF7BD, 0xF7BD, 0xF7BD, 0xF7BD,
    0xF7BD, 0xF7BD, 0xF7BD, 0xF7BD, 0xF7BD, 0xF7BD, 0xF7BD, 0xF7BD, 0xF7BD, 0xF7BD, 0xF7BD, 0xF7BD,
    0xF7BD, 0xF7BD, 0xF7BD, 0xF7BD, 0xF7BD, 0xF7BD, 0xF7BD, 0xF7BD, 0xF7BD, 0xF7BD, 0xF7BD, 0xF7BD,
    0xF7BD, 0xF7BD, 0xF7BD, 0xF7BD, 0xF7BD, 0xF7BD, 0xF7BD, 0xF7BD, 0xF7BD, 0xF7BD, 0xF7BD, 0xF7BD,
    0xF7BD, 0xF7BD, 0xF7BD, 0xF7BD, 0xF7BD, 0xF7BD, 0xF7BD, 0xF7BD, 0xF7BD, 0xF7BD, 0xF7BD, 0xF7BD,
    0xF7BD, 0xF7BD, 0xF7BD, 0xF7BD, 0xF7BD, 0xF7BD, 0xF7BD, 0xF7BD, 0xF7BD, 0xF7BD, 0xF7BD, 0xF7BD,
    0xF7BD, 0xF7BD, 0xF7BD, 0xF7BD, 0xF7BD, 0xF7BD, 0xF7BD, 0xF7BD, 0xF7BD, 0xF7BD, 0xF7BD, 0xF7BD,
    0xF7BD, 0xF7BD, 0xF7BD, 0xF7BD, 0xF7BD, 0xF7BD, 0xF7BD, 0xF7BD, 0xF7BD, 0xF7BD, 0xF7BD, 0xF7BD,
    0xF7BD, 0xF7BD, 0xF7BD, 0xF7BD, 0xF7BD, 0xF7BD, 0xF7BD, 0xF7BD, 0xF7BD, 0xF7BD, 0xF7BD, 0xF7BD,
    0xF7BD, 0xF7BD, 0xF7BD, 0xF7BD, 0xF7BD, 0xF7BD, 0xF7BD, 0xF7BD, 0xF7BD, 0xF7BD, 0xF7BD, 0xF7BD,
    0xF7BD, 0xF7BD, 0xF7BD, 0xF7BD, 0xF7BD, 0xF7BD, 0xF7BD, 0xF7BD, 0xF7BD, 0xF7BD, 0xF7BD, 0xF7BD,
    0xF7BD, 0xF7BD, 0xF7BD, 0xF7BD, 0xF7BD, 0xF7BD, 0xF7BD, 0xF7BD, 0xF7BD, 0xF7BD, 0xF7BD, 0xF7BD,
    0xF7BD, 0xF7BD, 0xF7BD, 0xF7BD, 0xF7BD, 0xF7BD, 0xF7BD, 0xF7BD, 0xF7BD, 0xF7BD, 0xF7BD, 0xF7BD,
    0xF7BD, 0xF7BD, 0xF7BD, 0xF7BD, 0xF7BD, 0xF7BD, 0xF7BD, 0xF7BD, 0xF7BD, 0xF7BD, 0xF7BD, 0xF7BD,
    0xF7BD, 0xF7BD, 0xF7BD, 0xF7BD, 0xF7BD, 0xF7BD, 0xF7BD, 0xF7BD, 0xF7BD, 0xF7BD, 0xF7BD, 0xF7BD,
    0xF7BD, 0xF7BD, 0xF7BD, 0xF7BD, 0xF7BD, 0xF7BD, 0xF7BD, 0xF7BD, 0xF7BD, 0xF7BD, 0xF7BD, 0xF7BD,
    0xF7BD, 0xF7BD, 0xF7BD, 0xF7BD, 0xF7BD, 0xF7BD, 0xF7BD, 0xF7BD, 0xF7BD, 0xF7BD, 0xF7BD, 0xF7BD,
    0xF7BD, 0xF7BD, 0xF7BD, 0xF7BD, 0xF7BD, 0xF7BD, 0xF7BD, 0xF7BD, 0xF7BD, 0xF7BD, 0xF7BD, 0xF7BD,
    0xF7BD, 0xF7BD, 0xF7BD, 0xF7BD, 0xF7BD, 0xF7BD, 0xF7BD, 0xF7BD, 0xF7BD, 0xF7BD, 0xF7BD, 0xF7BD,
    0xF7BD, 0xF7BD, 0xF7BD, 0xF7BD, 0xF7BD, 0xF7BD, 0xF7BD, 0xF7BD, 0xF7BD, 0xF7BD, 0xF7BD, 0xF7BD,
    0xF7BD, 0xF7BD, 0xF7BD, 0xF7BD, 0xF7BD, 0xF7BD, 0xF7BD, 0xF7BD, 0xF7BD, 0xF7BD, 0xF7BD, 0xF7BD,
    0xF7BD, 0xF7BD, 0xF7BD, 0xF7BD, 0xF7BD, 0xF7BD, 0xF7BD, 0xF7BD, 0xF7BD, 0xF7BD, 0xF7BD, 0xF7BD,
    0xF7BD, 0xF7BD, 0xF7BD, 0xF7BD, 0xF7BD, 0xF7BD, 0xF7BD, 0xF7BD, 0xF7BD, 0xF7BD, 0xF7BD, 0xF7BD,
    0xF7BD, 0xF7BD, 0xF7BD, 0xF7BD, 0xF7BD, 0xF7BD, 0xF7BD, 0xF7BD, 0xF7BD, 0xF7BD, 0xF7BD, 0xF7BD,
    0xF7BD, 0xF7BD, 0xF7BD, 0xF7BD, 0xF7BD, 0xF7BD, 0xF7BD, 0xF7BD, 0xF7BD, 0xF7BD, 0xF7BD, 0xF7BD,
    0xF7BD, 0xF7BD, 0xF7BD, 0xF7BD, 0xF7BD, 0xF7BD, 0xF7BD, 0xF7BD, 0xF7BD, 0xF7BD, 0xF7BD, 0xF7BD,
    0xF7BD, 0xF7BD, 0xF7BD, 0xF7BD, 0xF7BD, 0xF7BD, 0xF7BD, 0xF7BD, 0xF7BD, 0xF7BD, 0xF7BD, 0xF7BD,
    0xF7BD, 0xF7BD, 0xF7BD, 0xF7BD, 0xF7BD, 0xF7BD, 0xF7BD, 0xF7BD, 0xF7BD, 0xF7BD, 0xF7BD, 0xF7BD,
    0xF7BD, 0xF7BD, 0xF7BD, 0xF7BD, 0xF7BD, 0xF7BD, 0xF7BD, 0xF7BD, 0xF7BD, 0xF7BD, 0xF7BD, 0xF7BD,
    0xF7BD, 0xF7BD, 0xF7BD, 0xF7BD, 0xF7BD, 0xF7BD, 0xF7BD, 0xF7BD, 0xF7BD, 0xF7BD, 0xF7BD, 0xF7BD,
    0xF7BD, 0xF7BD, 0xF7BD, 0xF7BD, 0xF7BD, 0xF7BD, 0xF7BD, 0xF7BD, 0xF7BD, 0xF7BD, 0xF7BD, 0xF7BD,
    0xF7BD, 0xF7BD, 0xF7BD, 0xF7BD, 0xF7BD, 0xF7BD, 0xF7BD, 0xF7BD, 0xF7BD, 0xF7BD, 0xF7BD, 0xF7BD,
    0xF7BD, 0xF7BD, 0xF7BD, 0xF7BD, 0xF7BD, 0xF7BD, 0xF7BD, 0xF7BD, 0xF7BD, 0xF7BD, 0xF7BD, 0xF7BD,
    0xF7BD, 0xF7BD, 0xF7BD, 0xF7BD, 0xF7BD, 0xF7BD, 0xF7BD, 0xF7BD, 0xF7BD, 0xF7BD, 0xF7BD, 0xF7BD,
    0xF7BD, 0xF7BD, 0xF7BD, 0xF7BD, 0xF7BD, 0xF7BD, 0xF7BD, 0xF7BD, 0xF7BD, 0xF7BD, 0xF7BD, 0xF7BD,
    0xF7BD, 0xF7BD, 0xF7BD, 0xF7BD, 0xF7BD, 0xF7BD, 0xF7BD, 0xF7BD, 0xF7BD, 0xF7BD, 0xF7BD, 0xF7BD,
    0xF7BD, 0xF7BD, 0xF7BD, 0xF7BD, 0xF7BD, 0xF7BD, 0xF7BD, 0xF7BD, 0xF7BD, 0xF7BD, 0xF7BD, 0xF7BD,
    0xF7BD, 0xF7BD, 0xF7BD, 0xF7BD, 0xF7BD, 0xF7BD, 0xF7BD, 0xF7BD, 0xF7BD, 0xF7BD, 0xF7BD, 0xF7BD,
    0xF7BD, 0xF7BD, 0xF7BD, 0xF7BD, 0xF7BD, 0xF7BD, 0xF7BD, 0xF7BD, 0xF7BD, 0xF7BD, 0xF7BD, 0xF7BD,
    0xF7BD, 0xF7BD, 0xF7BD, 0xF7BD, 0xF7BD, 0xF7BD, 0xF7BD, 0xF7BD, 0xF7BD, 0xF7BD, 0xF7BD, 0xF7BD,
    0xF7BD, 0xF7BD, 0xF7BD, 0xF7BD, 0xF7BD, 0xF7BD, 0xF7BD, 0xF7BD, 0xF7BD, 0xF7BD, 0xF7BD, 0xF7BD,
    0xF7BD, 0xF7BD, 0xF7BD, 0xF7BD, 0xF7BD, 0xF7BD, 0xF7BD, 0xF7BD, 0xF7BD, 0xF7BD, 0xF7BD, 0xF7BD,
    0xF7BD, 0xF7BD, 0xF7BD, 0xF7BD, 0xF7BD, 0xF7BD, 0xF7BD, 0xF7BD, 0xF7BD, 0xF7BD, 0xF7BD, 0xF7BD,
    0xF7BD, 0xF7BD, 0xF7BD, 0xF7BD, 0xF7BD, 0xF7BD, 0xF7BD, 0xF7BD, 0xF7BD, 0xF7BD, 0xF7BD, 0xF7BD,
    0xF7BD, 0xF7BD, 0xF7BD, 0xF7BD, 0xF7BD, 0xF7BD, 0xF7BD, 0xF7BD, 0xF7BD, 0xF7BD, 0xF7BD, 0xF7BD,
    0xF7BD, 0xF7BD, 0xF7BD, 0xF7BD, 0xF7BD, 0xF7BD, 0xF7BD, 0xF7BD, 0xF7BD, 0xF7BD, 0xF7BD, 0xF7BD,
    0xF7BD, 0xF7BD, 0xF7BD, 0xF7BD, 0xF7BD, 0xF7BD, 0xF7BD, 0xF7BD, 0xF7BD, 0xF7BD, 0xF7BD, 0xF7BD,
    0xF7BD, 0xF7BD, 0xF7BD, 0xF7BD, 0xF7BD, 0xF7BD, 0xF7BD, 0xF7BD, 0xF7BD, 0xF7BD, 0xF7BD, 0xF7BD,
    0xF7BD, 0xF7BD, 0xF7BD, 0xF7BD, 0xF7BD, 0xF7BD, 0xF7BD, 0xF7BD, 0xF7BD, 0xF7BD, 0xF7BD, 0xF7BD,
    0xF7BD, 0xF7BD, 0xF7BD, 0xF7BD, 0xF7BD, 0xF7BD, 0xF7BD, 0xF7BD, 0xF7BD, 0xF7BD, 0xF7BD, 0xF7BD,
    0xF7BD, 0xF7BD, 0xF7BD, 0xF7BD, 0xF7BD, 0xF7BD, 0xF7BD, 0xF7BD, 0xF7BD, 0xF7BD, 0xF7BD, 0xF7BD,
    0xF7BD, 0xF7BD, 0xF7BD, 0xF7BD, 0xF7BD, 0xF7BD, 0xF7BD, 0xF7BD, 0xF7BD, 0xF7BD, 0xF7BD, 0xF7BD,
    0xF7BD, 0xF7BD, 0xF7BD, 0xF7BD, 0xF7BD, 0xF7BD, 0xF7BD, 0xF7BD, 0xF7BD, 0xF7BD, 0xF7BD, 0xF7BD,
    0xF7BD, 0xF7BD, 0xF7BD, 0xF7BD, 0xF7BD, 0xF7BD, 0xF7BD, 0xF7BD, 0xF7BD, 0xF7BD, 0xF7BD, 0xF7BD,
    0xF7BD, 0xF7BD, 0xF7BD, 0xF7BD, 0xF7BD, 0xF7BD, 0xF7BD, 0xF7BD, 0xF7BD, 0xF7BD, 0xF7BD, 0xF7BD,
    0xF7BD, 0xF7BD, 0xF7BD, 0xF7BD, 0xF7BD, 0xF7BD, 0xF7BD, 0xF7BD, 0xF7BD, 0xF7BD, 0xF7BD, 0xF7BD,
    0xF7BD, 0xF7BD, 0xF7BD, 0xF7BD, 0xF7BD, 0xF7BD, 0xF7BD, 0xF7BD, 0xF7BD, 0xF7BD, 0xF7BD, 0xF7BD,
    0xF7BD, 0xF7BD, 0xF7BD, 0xF7BD, 0xF7BD, 0xF7BD, 0xF7BD, 0xF7BD, 0xF7BD, 0xF7BD, 0xF7BD, 0xF7BD,
    0xF7BD, 0xF7BD, 0xF7BD, 0xF7BD, 0xF7BD, 0xF7BD, 0xF7BD, 0xF7BD, 0xF7BD, 0xF7BD, 0xF7BD, 0xF7BD,
    0xF7BD, 0xF7BD, 0xF7BD, 0xF7BD, 0xF7BD, 0xF7BD, 0xF7BD, 0xF7BD, 0xF7BD, 0xF7BD, 0xF7BD, 0xF7BD,
    0xF7BD, 0xF7BD, 0xF7BD, 0xF7BD, 0xF7BD, 0xF7BD, 0xF7BD, 0xF7BD, 0xF7BD, 0xF7BD, 0xF7BD, 0xF7BD,
    0xF7BD, 0xF7BD, 0xF7BD, 0xF7BD, 0xF7BD, 0xF7BD, 0xF7BD, 0xF7BD, 0xF7BD, 0xF7BD, 0xF7BD, 0xF7BD,
    0xF7BD, 0xF7BD, 0xF7BD, 0xF7BD, 0xF7BD, 0xF7BD, 0xF7BD, 0xF7BD, 0xF7BD, 0xF7BD, 0xF7BD, 0xF7BD,
    0xF7BD, 0xF7BD, 0xF7BD, 0xF7BD, 0xF7BD, 0xF7BD, 0xF7BD, 0xF7BD, 0xF7BD, 0xF7BD, 0xF7BD, 0xF7BD,
    0xF7BD, 0xF7BD, 0xF7BD, 0xF7BD, 0xF7BD, 0xF7BD, 0xF7BD, 0xF7BD, 0xF7BD, 0xF7BD, 0xF7BD, 0xF7BD,
    0xF7BD, 0xF7BD, 0xF7BD, 0xF7BD, 0xF7BD, 0xF7BD, 0xF7BD, 0xF7BD, 0xF7BD, 0xF7BD, 0xF7BD, 0xF7BD,
    0xF7BD, 0xF7BD, 0xF7BD, 0xF7BD, 0xF7BD, 0xF7BD, 0xF7BD, 0xF7BD, 0xF7BD, 0xF7BD, 0xF7BD, 0xF7BD,
    0xF7BD, 0xF7BD, 0xF7BD, 0xF7BD, 0xF7BD, 0xF7BD, 0xF7BD, 0xF7BD, 0xF7BD, 0xF7BD, 0xF7BD, 0xF7BD,
    0xF7BD, 0xF7BD, 0xF7BD, 0xF7BD, 0xF7BD, 0xF7BD, 0xF7BD, 0xF7BD, 0xF7BD, 0xF7BD, 0xF7BD, 0xF7BD,
    0xF7BD, 0xF7BD, 0xF7BD, 0xF7BD, 0xF7BD, 0xF7BD, 0xF7BD, 0xF7BD, 0xF7BD, 0xF7BD, 0xF7BD, 0xF7BD,
    0xF7BD, 0xF7BD, 0xF7BD, 0xF7BD, 0xF7BD, 0xF7BD, 0xF7BD, 0xF7BD, 0xF7BD, 0xF7BD, 0xF7BD, 0xF7BD,
    0xF7BD, 0xF7BD, 0xF7BD, 0xF7BD, 0xF7BD, 0xF7BD, 0xF7BD, 0xF7BD, 0xF7BD, 0xF7BD, 0xF7BD, 0xF7BD,
    0xF7BD, 0xF7BD, 0xF7BD, 0xF7BD, 0xF7BD, 0xF7BD, 0xF7BD, 0xF7BD, 0xF7BD, 0xF7BD, 0xF7BD, 0xF7BD,
    0xF7BD, 0xF7BD, 0xF7BD, 0xF7BD, 0xF7BD, 0xF7BD, 0xF7BD, 0xF7BD, 0xF7BD, 0xF7BD, 0xF7BD, 0xF7BD,
    0xF7BD, 0xF7BD, 0xF7BD, 0xF7BD, 0xF7BD, 0xF7BD, 0xF7BD, 0xF7BD, 0xF7BD, 0xF7BD, 0xF7BD, 0xF7BD,
    0xF7BD, 0xF7BD, 0xF7BD, 0xF7BD, 0xF7BD, 0xF7BD, 0xF7BD, 0xF7BD, 0xF7BD, 0xF7BD, 0xF7BD, 0xF7BD,
    0xF7BD, 0xF7BD, 0xF7BD, 0xF7BD, 0xF7BD, 0xF7BD, 0xF7BD, 0xF7BD, 0xF7BD, 0xF7BD, 0xF7BD, 0xF7BD,
    0xF7BD, 0xF7BD, 0xF7BD, 0xF7BD, 0xF7BD, 0xF7BD, 0xF7BD, 0xF7BD, 0xF7BD, 0xF7BD, 0xF7BD, 0xF7BD,
    0xF7BD, 0xF7BD, 0xF7BD, 0xF7BD, 0xF7BD, 0xF7BD, 0xF7BD, 0xF7BD, 0xF7BD, 0xF7BD, 0xF7BD, 0xF7BD,
    0xF7BD, 0xF7BD, 0xF7BD, 0xF7BD, 0xF7BD, 0xF7BD, 0xF7BD, 0xF7BD, 0xF7BD, 0xF7BD, 0xF7BD, 0xF7BD,
    0xF7BD, 0xF7BD, 0xF7BD, 0xF7BD, 0xF7BD, 0xF7BD, 0xF7BD, 0xF7BD, 0xF7BD, 0xF7BD, 0xF7BD, 0xF7BD,
    0xF7BD, 0xF7BD, 0xF7BD, 0xF7BD, 0xF7BD, 0xF7BD, 0xF7BD, 0xF7BD, 0xF7BD, 0xF7BD, 0xF7BD, 0xF7BD,
    0xF7BD, 0xF7BD, 0xF7BD, 0xF7BD, 0xF7BD, 0xF7BD, 0xF7BD, 0xF7BD, 0xF7BD, 0xF7BD, 0xF7BD, 0xF7BD,
    0xF7BD, 0xF7BD, 0xF7BD, 0xF7BD, 0xF7BD, 0xF7BD, 0xF7BD, 0xF7BD, 0xF7BD, 0xF7BD, 0xF7BD, 0xF7BD,
    0xF7BD, 0xF7BD, 0xF7BD, 0xF7BD, 0xF7BD, 0xF7BD, 0xF7BD, 0xF7BD, 0xF7BD, 0xF7BD, 0xF7BD, 0xF7BD,
    0xF7BD, 0xF7BD, 0xF7BD, 0xF7BD, 0xF7BD, 0xF7BD, 0xF7BD, 0xF7BD, 0xF7BD, 0xF7BD, 0xF7BD, 0xF7BD,
    0xF7BD, 0xF7BD, 0xF7BD, 0xF7BD, 0xF7BD, 0xF7BD, 0xF7BD, 0xF7BD, 0xF7BD, 0xF7BD, 0xF7BD, 0xF7BD,
    0xF7BD, 0xF7BD, 0xF7BD, 0xF7BD, 0xF7BD, 0xF7BD, 0xF7BD, 0xF7BD, 0xF7BD, 0xF7BD, 0xF7BD, 0xF7BD,
    0xF7BD, 0xF7BD, 0xF7BD, 0xF7BD, 0xF7BD, 0xF7BD, 0xF7BD, 0xF7BD, 0xF7BD, 0xF7BD, 0xF7BD, 0xF7BD,
    0xF7BD, 0xF7BD, 0xF7BD, 0xF7BD, 0xF7BD, 0xF7BD, 0xF7BD, 0xF7BD, 0xF7BD, 0xF7BD, 0xF7BD, 0xF7BD,
    0xF7BD, 0xF7BD, 0xF7BD, 0xF7BD, 0xF7BD, 0xF7BD, 0xF7BD, 0xF7BD, 0xF7BD, 0xF7BD, 0xF7BD, 0xF7BD,
    0xF7BD, 0xF7BD, 0xF7BD, 0xF7BD, 0xF7BD, 0xF7BD, 0xF7BD, 0xF7BD, 0xF7BD, 0xF7BD, 0xF7BD, 0xF7BD,
    0xF7BD, 0xF7BD, 0xF7BD, 0xF7BD, 0xF7BD, 0xF7BD, 0xF7BD, 0xF7BD, 0xF7BD, 0xF7BD, 0xF7BD, 0xF7BD,
    0xF7BD, 0xF7BD, 0xF7BD, 0xF7BD, 0xF7BD, 0xF7BD, 0xF7BD, 0xF7BD, 0xF7BD, 0xF7BD, 0xF7BD, 0xF7BD,
    0xF7BD, 0xF7BD, 0xF7BD, 0xF7BD, 0xF7BD, 0xF7BD, 0xF7BD, 0xF7BD, 0xF7BD, 0xF7BD, 0xF7BD, 0xF7BD,
    0xF7BD, 0xF7BD, 0xF7BD, 0xF7BD, 0xF7BD, 0xF7BD, 0xF7BD, 0xF7BD, 0xF7BD, 0xF7BD, 0xF7BD, 0xF7BD,
    0xF7BD, 0xF7BD, 0xF7BD, 0xF7BD, 0xF7BD, 0xF7BD, 0xF7BD, 0xF7BD, 0xF7BD, 0xF7BD, 0xF7BD, 0xF7BD,
    0xF7BD, 0xF7BD, 0xF7BD, 0xF7BD, 0xF7BD, 0xF7BD, 0xF7BD, 0xF7BD, 0xF7BD, 0xF7BD, 0xF7BD, 0xF7BD,
    0xF7BD, 0xF7BD, 0xF7BD, 0xF7BD, 0xF7BD, 0xF7BD, 0xF7BD, 0xF7BD, 0xF7BD, 0xF7BD, 0xF7BD, 0xF7BD,
    0xF7BD, 0xF7BD, 0xF7BD, 0xF7BD, 0xF7BD, 0xF7BD, 0xF7BD, 0xF7BD, 0xF7BD, 0xF7BD, 0xF7BD, 0xF7BD,
    0xF7BD, 0xF7BD, 0xF7BD, 0xF7BD, 0xF7BD, 0xF7BD, 0xF7BD, 0xF7BD, 0xF7BD, 0xF7BD, 0xF7BD, 0xF7BD,
    0xF7BD, 0xF7BD, 0xF7BD, 0xF7BD, 0xF7BD, 0xF7BD, 0xF7BD, 0xF7BD, 0xF7BD, 0xF7BD, 0xF7BD, 0xF7BD,
    0xF7BD, 0xF7BD, 0xF7BD, 0xF7BD, 0xF7BD, 0xF7BD, 0xF7BD, 0xF7BD, 0xF7BD, 0xF7BD, 0xF7BD, 0xF7BD,
    0xF7BD, 0xF7BD, 0xF7BD, 0xF7BD, 0xF7BD, 0xF7BD, 0xF7BD, 0xF7BD, 0xF7BD, 0xF7BD, 0xF7BD, 0xF7BD,
    0xF7BD, 0xF7BD, 0xF7BD, 0xF7BD, 0xF7BD, 0xF7BD, 0xF7BD, 0xF7BD, 0xF7BD, 0xF7BD, 0xF7BD, 0xF7BD,
    0xF7BD, 0xF7BD, 0xF7BD, 0xF7BD, 0xF7BD, 0xF7BD, 0xF7BD, 0xF7BD, 0xF7BD, 0xF7BD, 0xF7BD, 0xF7BD,
    0xF7BD, 0xF7BD, 0xF7BD, 0xF7BD, 0xF7BD, 0xF7BD, 0xF7BD, 0xF7BD, 0xF7BD, 0xF7BD, 0xF7BD, 0xF7BD,
    0xF7BD, 0xF7BD, 0xF7BD, 0xF7BD, 0xF7BD, 0xF7BD, 0xF7BD, 0xF7BD, 0xF7BD, 0xF7BD, 0xF7BD, 0xF7BD,
    0xF7BD, 0xF7BD, 0xF7BD, 0xF7BD, 0xF7BD, 0xF7BD, 0xF7BD, 0xF7BD, 0xF7BD, 0xF7BD, 0xF7BD, 0xF7BD,
    0xF7BD, 0xF7BD, 0xF7BD, 0xF7BD, 0xF7BD, 0xF7BD, 0xF7BD, 0xF7BD, 0xF7BD, 0xF7BD, 0xF7BD, 0xF7BD,
    0xF7BD, 0xF7BD, 0xF7BD, 0xF7BD, 0xF7BD, 0xF7BD, 0xF7BD, 0xF7BD, 0xF7BD, 0xF7BD, 0xF7BD, 0xF7BD,
    0xF7BD, 0xF7BD, 0xF7BD, 0xF7BD, 0xF7BD, 0xF7BD, 0xF7BD, 0xF7BD, 0xF7BD, 0xF7BD, 0xF7BD, 0xF7BD,
    0xF7BD, 0xF7BD, 0xF7BD, 0xF7BD, 0xF7BD, 0xF7BD, 0xF7BD, 0xF7BD, 0xF7BD, 0xF7BD, 0xF7BD, 0xF7BD,
    0xF7BD, 0xF7BD, 0xF7BD, 0xF7BD, 0xF7BD, 0xF7BD, 0xF7BD, 0xF7BD, 0xF7BD, 0xF7BD, 0xF7BD, 0xF7BD,
    0xF7BD, 0xF7BD, 0xF7BD, 0xF7BD, 0xF7BD, 0xF7BD, 0xF7BD, 0xF7BD, 0xF7BD, 0xF7BD, 0xF7BD, 0xF7BD,
    0xF7BD, 0xF7BD, 0xF7BD, 0xF7BD, 0xF7BD, 0xF7BD, 0xF7BD, 0xF7BD, 0xF7BD, 0xF7BD, 0xF7BD, 0xF7BD,
    0xF7BD, 0xF7BD, 0xF7BD, 0xF7BD, 0xF7BD, 0xF7BD, 0xF7BD, 0xF7BD, 0xF7BD, 0xF7BD, 0xF7BD, 0xF7BD,
    0xF7BD, 0xF7BD, 0xF7BD, 0xF7BD, 0xF7BD, 0xF7BD, 0xF7BD, 0xF7BD, 0xF7BD, 0xF7BD, 0xF7BD, 0xF7BD,
    0xF7BD, 0xF7BD, 0xF7BD, 0xF7BD, 0xF7BD, 0xF7BD, 0xF7BD, 0xF7BD, 0xF7BD, 0xF7BD, 0xF7BD, 0xF7BD,
    0xF7BD, 0xF7BD, 0xF7BD, 0xF7BD, 0xF7BD, 0xF7BD, 0xF7BD, 0xF7BD, 0xF7BD, 0xF7BD, 0xF7BD, 0xF7BD,
    0xF7BD, 0xF7BD, 0xF7BD, 0xF7BD, 0xF7BD, 0xF7BD, 0xF7BD, 0xF7BD, 0xF7BD, 0xF7BD, 0xF7BD, 0xF7BD,
    0xF7BD, 0xF7BD, 0xF7BD, 0xF7BD, 0xF7BD, 0xF7BD, 0xF7BD, 0xF7BD, 0xF7BD, 0xF7BD, 0xF7BD, 0xF7BD,
    0xF7BD, 0xF7BD, 0xF7BD, 0xF7BD, 0xF7BD, 0xF7BD, 0xF7BD, 0xF7BD, 0xF7BD, 0xF7BD, 0xF7BD, 0xF7BD,
    0xF7BD, 0xF7BD, 0xF7BD, 0xF7BD, 0xF7BD, 0xF7BD, 0xF7BD, 0xF7BD, 0xF7BD, 0xF7BD, 0xF7BD, 0xF7BD,
    0xF7BD, 0xF7BD, 0xF7BD, 0xF7BD, 0xF7BD, 0xF7BD, 0xF7BD, 0xF7BD, 0xF7BD, 0xF7BD, 0xF7BD, 0xF7BD,
    0xF7BD, 0xF7BD, 0xF7BD, 0xF7BD, 0xF7BD, 0xF7BD, 0xF7BD, 0xF7BD, 0xF7BD, 0xF7BD, 0xF7BD, 0xF7BD,
    0xF7BD, 0xF7BD, 0xF7BD, 0xF7BD, 0xF7BD, 0xF7BD, 0xF7BD, 0xF7BD, 0xF7BD, 0xF7BD, 0xF7BD, 0xF7BD,
    0xF7BD, 0xF7BD, 0xF7BD, 0xF7BD, 0xF7BD, 0xF7BD, 0xF7BD, 0xF7BD, 0xF7BD, 0xF7BD, 0xF7BD, 0xF7BD,
    0xF7BD, 0xF7BD, 0xF7BD, 0xF7BD, 0xF7BD, 0xF7BD, 0xF7BD, 0xF7BD, 0xF7BD, 0xF7BD, 0xF7BD, 0xF7BD,
    0xF7BD, 0xF7BD, 0xF7BD, 0xF7BD, 0xF7BD, 0xF7BD, 0xF7BD, 0xF7BD, 0xF7BD, 0xF7BD, 0xF7BD, 0xF7BD,
    0xF7BD, 0xF7BD, 0xF7BD, 0xF7BD, 0xF7BD, 0xF7BD, 0xF7BD, 0xF7BD, 0xF7BD, 0xF7BD, 0xF7BD, 0xF7BD,
    0xF7BD, 0xF7BD, 0xF7BD, 0xF7BD, 0xF7BD, 0xF7BD, 0xF7BD, 0xF7BD, 0xF7BD, 0xF7BD, 0xF7BD, 0xF7BD,
    0xF7BD, 0xF7BD, 0xF7BD, 0xF7BD, 0xF7BD, 0xF7BD, 0xF7BD, 0xF7BD, 0xF7BD, 0xF7BD, 0xF7BD, 0xF7BD,
    0xF7BD, 0xF7BD, 0xF7BD, 0xF7BD, 0xF7BD, 0xF7BD, 0xF7BD, 0xF7BD, 0xF7BD, 0xF7BD, 0xF7BD, 0xF7BD,
    0xF7BD, 0xF7BD, 0xF7BD, 0xF7BD, 0xF7BD, 0xF7BD, 0xF7BD, 0xF7BD, 0xF7BD, 0xF7BD, 0xF7BD, 0xF7BD,
    0xF7BD, 0xF7BD, 0xF7BD, 0xF7BD, 0xF7BD, 0xF7BD, 0xF7BD, 0xF7BD, 0xF7BD, 0xF7BD, 0xF7BD, 0xF7BD,
    0xF7BD, 0xF7BD, 0xF7BD, 0xF7BD, 0xF7BD, 0xF7BD, 0xF7BD, 0xF7BD, 0xF7BD, 0xF7BD, 0xF7BD, 0xF7BD,
    0xF7BD, 0xF7BD, 0xF7BD, 0xF7BD, 0xF7BD, 0xF7BD, 0xF7BD, 0xF7BD, 0xF7BD, 0xF7BD, 0xF7BD, 0xF7BD,
    0xF7BD, 0xF7BD, 0xF7BD, 0xF7BD, 0xF7BD, 0xF7BD, 0xF7BD, 0xF7BD, 0xF7BD, 0xF7BD, 0xF7BD, 0xF7BD,
    0xF7BD, 0xF7BD, 0xF7BD, 0xF7BD, 0xF7BD, 0xF7BD, 0xF7BD, 0xF7BD, 0xF7BD, 0xF7BD, 0xF7BD, 0xF7BD,
    0xF7BD, 0xF7BD, 0xF7BD, 0xF7BD, 0xF7BD, 0xF7BD, 0xF7BD, 0xF7BD, 0xF7BD, 0xF7BD, 0xF7BD, 0xF7BD,
    0xF7BD, 0xF7BD, 0xF7BD, 0xF7BD, 0xF7BD, 0xF7BD, 0xF7BD, 0xF7BD, 0xF7BD, 0xF7BD, 0xF7BD, 0xF7BD,
    0xF7BD, 0xF7BD, 0xF7BD, 0xF7BD, 0xF7BD, 0xF7BD, 0xF7BD, 0xF7BD, 0xF7BD, 0xF7BD, 0xF7BD, 0xF7BD,
    0xF7BD, 0xF7BD, 0xF7BD, 0xF7BD, 0xF7BD, 0xF7BD, 0xF7BD, 0xF7BD, 0xF7BD, 0xF7BD, 0xF7BD, 0xF7BD,
    0xF7BD, 0xF7BD, 0xF7BD, 0xF7BD, 0xF7BD, 0xF7BD, 0xF7BD, 0xF7BD, 0xF7BD, 0xF7BD, 0xF7BD, 0xF7BD,
    0xF7BD, 0xF7BD, 0xF7BD, 0xF7BD, 0xF7BD, 0xF7BD, 0xF7BD, 0xF7BD, 0xF7BD, 0xF7BD, 0xF7BD, 0xF7BD,
    0xF7BD, 0xF7BD, 0xF7BD, 0xF7BD, 0xF7BD, 0xF7BD, 0xF7BD, 0xF7BD, 0xF7BD, 0xF7BD, 0xF7BD, 0xF7BD,
    0xF7BD, 0xF7BD, 0xF7BD, 0xF7BD, 0xF7BD, 0xF7BD, 0xF7BD, 0xF7BD, 0xF7BD, 0xF7BD, 0xF7BD, 0xF7BD,
    0xF7BD, 0xF7BD, 0xF7BD, 0xF7BD, 0xF7BD, 0xF7BD, 0xF7BD, 0xF7BD, 0xF7BD, 0xF7BD, 0xF7BD, 0xF7BD,
    0xF7BD, 0xF7BD, 0xF7BD, 0xF7BD, 0xF7BD, 0xF7BD, 0xF7BD, 0xF7BD, 0xF7BD, 0xF7BD, 0xF7BD, 0xF7BD,
    0xF7BD, 0xF7BD, 0xF7BD, 0xF7BD, 0xF7BD, 0xF7BD, 0xF7BD, 0xF7BD, 0xF7BD, 0xF7BD, 0xF7BD, 0xF7BD,
    0xF7BD, 0xF7BD, 0xF7BD, 0xF7BD, 0xF7BD, 0xF7BD, 0xF7BD, 0xF7BD, 0xF7BD, 0xF7BD, 0xF7BD, 0xF7BD,
    0xF7BD, 0xF7BD, 0xF7BD, 0xF7BD, 0xF7BD, 0xF7BD, 0xF7BD, 0xF7BD, 0xF7BD, 0xF7BD, 0xF7BD, 0xF7BD,
    0xF7BD, 0xF7BD, 0xF7BD, 0xF7BD, 0xF7BD, 0xF7BD, 0xF7BD, 0xF7BD, 0xF7BD, 0xF7BD, 0xF7BD, 0xF7BD,
    0xF7BD, 0xF7BD, 0xF7BD, 0xF7BD, 0xF7BD, 0xF7BD, 0xF7BD, 0xF7BD, 0xF7BD, 0xF7BD, 0xF7BD, 0xF7BD,
    0xF7BD, 0xF7BD, 0xF7BD, 0xF7BD, 0xF7BD, 0xF7BD, 0xF7BD, 0xF7BD, 0xF7BD, 0xF7BD, 0xF7BD, 0xF7BD,
    0xF7BD, 0xF7BD, 0xF7BD, 0xF7BD, 0xF7BD, 0xF7BD, 0xF7BD, 0xF7BD, 0xF7BD, 0xF7BD, 0xF7BD, 0xF7BD,
    0x95F4, 0x85B3, 0xF7BD, 0xF7BD, 0xF7BD, 0xF7BD, 0xC6D8, 0x6510, 0xE77B, 0xF7BD, 0xF7BD, 0xF7BD,
    0xF7BD, 0xE77B, 0x95F4, 0x85B3, 0x6510, 0x6510, 0x85B3, 0xA635, 0xE77B, 0xF7BD, 0xF7BD, 0xF7BD,
    0xF7BD, 0xF7BD, 0xF7BD, 0xF7BD, 0xF7BD, 0xF7BD, 0xF7BD, 0xF7BD, 0xF7BD, 0xF7BD, 0xF7BD, 0xF7BD,
    0xF7BD, 0xF7BD, 0xF7BD, 0xF7BD, 0xE77B, 0x23EA, 0xA635, 0xF7BD, 0xF7BD, 0xF7BD, 0xF7BD, 0xF7BD,
    0xF7BD, 0xF7BD, 0xF7BD, 0xF7BD, 0xF7BD, 0xF7BD, 0xF7BD, 0xF7BD, 0xF7BD, 0xF7BD, 0xF7BD, 0xF7BD,
    0xF7BD, 0xF7BD, 0xF7BD, 0xF7BD, 0xF7BD, 0xF7BD, 0xF7BD, 0xF7BD, 0xF7BD, 0xF7BD, 0xF7BD, 0xF7BD,
    0xF7BD, 0xF7BD, 0xF7BD, 0xF7BD, 0xF7BD, 0xF7BD, 0xF7BD, 0xF7BD, 0xF7BD, 0xF7BD, 0xF7BD, 0xF7BD,
    0xF7BD, 0xE77B, 0x6510, 0xC6D8, 0xF7BD, 0xF7BD, 0xF7BD, 0xF7BD, 0xF7BD, 0xF7BD, 0xF7BD, 0xF7BD,
    0xF7BD, 0xF7BD, 0xE77B, 0x23EA, 0xA635, 0xF7BD, 0xF7BD, 0xF7BD, 0xF7BD, 0xF7BD, 0x85B3, 0x95F4,
    0xF7BD, 0xF7BD, 0xF7BD, 0xF7BD, 0x95F4, 0x85B3, 0xF7BD, 0xF7BD, 0xF7BD, 0xF7BD, 0xF7BD, 0xF7BD,
    0xF7BD, 0xF7BD, 0xF7BD, 0xF7BD, 0xF7BD, 0xF7BD, 0xF7BD, 0xF7BD, 0xF7BD, 0x85B3, 0x448D, 0xF7BD,
    0xF7BD, 0xF7BD, 0xF7BD, 0xF7BD, 0xF7BD, 0xF7BD, 0xF7BD, 0xF7BD, 0xF7BD, 0xF7BD, 0xF7BD, 0xA635,
    0x23EA, 0xE77B, 0xF7BD, 0xF7BD, 0xF7BD, 0xF7BD, 0xF7BD, 0xF7BD, 0xF7BD, 0xF7BD, 0xF7BD, 0xF7BD,
    0xF7BD, 0xF7BD, 0xF7BD, 0xF7BD, 0xF7BD, 0xF7BD, 0xF7BD, 0xF7BD, 0xF7BD, 0xF7BD, 0xF7BD, 0xF7BD,
    0xF7BD, 0xF7BD, 0xF7BD, 0xF7BD, 0xF7BD, 0xF7BD, 0xF7BD, 0xF7BD, 0xF7BD, 0xF7BD, 0xF7BD, 0xF7BD,
    0xF7BD, 0xF7BD, 0xF7BD, 0xF7BD, 0xF7BD, 0xF7BD, 0xF7BD, 0xF7BD, 0xF7BD, 0xF7BD, 0xF7BD, 0xF7BD,
    0xF7BD, 0xF7BD, 0xF7BD, 0xF7BD, 0xF7BD, 0xF7BD, 0xF7BD, 0xF7BD, 0xF7BD, 0xF7BD, 0xF7BD, 0xF7BD,
    0xF7BD, 0xF7BD, 0xF7BD, 0xF7BD, 0xF7BD, 0xF7BD, 0xF7BD, 0xF7BD, 0xF7BD, 0xF7BD, 0xF7BD, 0xD71A,
    0xD71A, 0xD71A, 0x6510, 0x23EA, 0xD71A, 0xD71A, 0xD71A, 0xE77B, 0x95F4, 0x0367, 0xD71A, 0xF7BD,
    0xF7BD, 0xF7BD, 0x85B3, 0x13A8, 0x23EA, 0x54CE, 0x6510, 0x6510, 0x54CE, 0x13A8, 0x23EA, 0xB697,
    0xF7BD, 0xF7BD, 0xF7BD, 0xF7BD, 0xF7BD, 0xF7BD, 0xF7BD, 0xF7BD, 0xF7BD, 0xF7BD, 0x85B3, 0xC6D8,
    0xF7BD, 0xF7BD, 0xF7BD, 0x95F4, 0x85B3, 0xF7BD, 0xD71A, 0x0367, 0x95F4, 0xF7BD, 0xF7BD, 0xF7BD,
    0x95F4, 0x6510, 0x6510, 0x6510, 0x6510, 0x6510, 0x6510, 0x6510, 0x6510, 0x6510, 0xC6D8, 0xF7BD,
    0xF7BD, 0xF7BD, 0x95F4, 0x95F4, 0x95F4, 0x95F4, 0x95F4, 0x95F4, 0x95F4, 0x95F4, 0x95F4, 0xA635,
    0xF7BD, 0xF7BD, 0xF7BD, 0xF7BD, 0xF7BD, 0xF7BD, 0xC6D8, 0x6510, 0x6510, 0x6510, 0x6510, 0x6510,
    0x6510, 0xE77B, 0xF7BD, 0xD71A, 0x0367, 0x95F4, 0xF7BD, 0xE77B, 0x6510, 0x6510, 0x6510, 0x6510,
    0x6510, 0x6510, 0x95F4, 0xF7BD, 0xD71A, 0x0367, 0x95F4, 0xF7BD, 0xF7BD, 0xD71A, 0xD71A, 0xD71A,
    0x23EA, 0x6510, 0xD71A, 0xD71A, 0xD71A, 0xF7BD, 0x6510, 0x23EA, 0xF7BD, 0xF7BD, 0xF7BD, 0xF7BD,
    0xF7BD, 0xF7BD, 0xC6D8, 0x95F4, 0x95F4, 0x95F4, 0x95F4, 0x95F4, 0x95F4, 0xF7BD, 0xF7BD, 0x6510,
    0x23EA, 0xF7BD, 0xF7BD, 0xF7BD, 0xF7BD, 0xF7BD, 0x85B3, 0x6510, 0x7571, 0xD71A, 0xF7BD, 0xF7BD,
    0xF7BD, 0x95F4, 0x0367, 0xD71A, 0xF7BD, 0xF7BD, 0xA635, 0x95F4, 0x95F4, 0x95F4, 0x95F4, 0x95F4,
    0x95F4, 0x95F4, 0x95F4, 0x95F4, 0xC6D8, 0xF7BD, 0xF7BD, 0xF7BD, 0xF7BD, 0xF7BD, 0xF7BD, 0xF7BD,
    0xF7BD, 0xF7BD, 0xF7BD, 0xF7BD, 0xF7BD, 0xF7BD, 0xF7BD, 0xF7BD, 0xF7BD, 0xF7BD, 0xF7BD, 0xF7BD,
    0xF7BD, 0xF7BD, 0xF7BD, 0xF7BD, 0xF7BD, 0xF7BD, 0xF7BD, 0xF7BD, 0xF7BD, 0xF7BD, 0xF7BD, 0xF7BD,
    0xF7BD, 0xF7BD, 0xF7BD, 0xF7BD, 0xF7BD, 0xF7BD, 0xF7BD, 0xF7BD, 0xF7BD, 0xF7BD, 0xF7BD, 0xF7BD,
    0xF7BD, 0xF7BD, 0xF7BD, 0xF7BD, 0xF7BD, 0xF7BD, 0xF7BD, 0xF7BD, 0xF7BD, 0xF7BD, 0xF7BD, 0xF7BD,
    0xD71A, 0x0367, 0x0367, 0x0367, 0x0367, 0x0367, 0x0367, 0x0367, 0x0367, 0x6510, 0x95F4, 0x0367,
    0xD71A, 0xF7BD, 0xF7BD, 0xE77B, 0x13A8, 0x7571, 0xF7BD, 0xF7BD, 0xF7BD, 0xF7BD, 0xF7BD, 0xE77B,
    0x448D, 0x344B, 0xF7BD, 0xF7BD, 0xF7BD, 0xF7BD, 0xF7BD, 0xF7BD, 0xF7BD, 0xF7BD, 0xF7BD, 0xF7BD,
    0x23EA, 0x95F4, 0xF7BD, 0xF7BD, 0xF7BD, 0x6510, 0x23EA, 0xF7BD, 0xD71A, 0x0367, 0x95F4, 0xF7BD,
    0xF7BD, 0xF7BD, 0x95F4, 0x6510, 0x6510, 0x6510, 0x6510, 0x6510, 0x6510, 0x6510, 0x6510, 0x0367,
    0x95F4, 0xF7BD, 0xF7BD, 0xE77B, 0x23EA, 0x23EA, 0x23EA, 0x23EA, 0x23EA, 0x23EA, 0x23EA, 0x23EA,
    0x13A8, 0x23EA, 0xF7BD, 0xF7BD, 0xF7BD, 0xF7BD, 0xF7BD, 0xF7BD, 0xC6D8, 0x6510, 0x6510, 0x6510,
    0x6510, 0x448D, 0x0367, 0xD71A, 0xF7BD, 0xD71A, 0x0367, 0x95F4, 0xF7BD, 0xE77B, 0x6510, 0x6510,
    0x6510, 0x6510, 0x6510, 0x0367, 0x95F4, 0xF7BD, 0xD71A, 0x0367, 0x95F4, 0xF7BD, 0x95F4, 0x0367,
    0x0367, 0x0367, 0x0367, 0x0367, 0x0367, 0x0367, 0x0367, 0x95F4, 0x6510, 0x23EA, 0xF7BD, 0xF7BD,
    0xF7BD, 0xF7BD, 0xF7BD, 0xF7BD, 0x85B3, 0x23EA, 0x23EA, 0x23EA, 0x23EA, 0x23EA, 0x0367, 0xD71A,
    0xF7BD, 0x6510, 0x23EA, 0xF7BD, 0xF7BD, 0xF7BD, 0xF7BD, 0x54CE, 0x13A8, 0x6510, 0x344B, 0x23EA,
    0xD71A, 0xF7BD, 0xF7BD, 0x95F4, 0x0367, 0xD71A, 0xF7BD, 0xF7BD, 0x448D, 0x23EA, 0x13A8, 0x13A8,
    0x23EA, 0x23EA, 0x23EA, 0x13A8, 0x23EA, 0x23EA, 0x85B3, 0xF7BD, 0xF7BD, 0xF7BD, 0xF7BD, 0xF7BD,
    0xF7BD, 0xF7BD, 0xF7BD, 0xF7BD, 0xF7BD, 0xF7BD, 0xF7BD, 0xF7BD, 0xF7BD, 0xF7BD, 0xF7BD, 0xF7BD,
    0xF7BD, 0xF7BD, 0xF7BD, 0xF7BD, 0xF7BD, 0xF7BD, 0xF7BD, 0xF7BD, 0xF7BD, 0xF7BD, 0xF7BD, 0xF7BD,
    0xF7BD, 0xF7BD, 0xF7BD, 0xF7BD, 0xF7BD, 0xF7BD, 0xF7BD, 0xF7BD, 0xF7BD, 0xF7BD, 0xF7BD, 0xF7BD,
    0xF7BD, 0xF7BD, 0xF7BD, 0xF7BD, 0xF7BD, 0xF7BD, 0xF7BD, 0xF7BD, 0xF7BD, 0xF7BD, 0xF7BD, 0xF7BD,
    0xF7BD, 0xF7BD, 0xF7BD, 0xD71A, 0xD71A, 0xC6D8, 0xA635, 0x85B3, 0xC6D8, 0xD71A, 0xD71A, 0xE77B,
    0x95F4, 0x0367, 0xD71A, 0xF7BD, 0xF7BD, 0xE77B, 0x13A8, 0x7571, 0xE77B, 0xF7BD, 0xF7BD, 0xF7BD,
    0xF7BD, 0xE77B, 0x448D, 0x344B, 0xF7BD, 0xF7BD, 0xF7BD, 0xF7BD, 0xF7BD, 0xF7BD, 0xF7BD, 0xF7BD,
    0xF7BD, 0xF7BD, 0x23EA, 0x95F4, 0xF7BD, 0xF7BD, 0xF7BD, 0x6510, 0x23EA, 0xF7BD, 0xD71A, 0x0367,
    0x95F4, 0xF7BD, 0xF7BD, 0xF7BD, 0xF7BD, 0xF7BD, 0xF7BD, 0xF7BD, 0xF7BD, 0xF7BD, 0xF7BD, 0xF7BD,
    0xD71A, 0x0367, 0x95F4, 0xF7BD, 0xF7BD, 0xF7BD, 0xF7BD, 0xF7BD, 0xF7BD, 0xF7BD, 0xF7BD, 0xF7BD,
    0xF7BD, 0xF7BD, 0x6510, 0x23EA, 0xF7BD, 0xF7BD, 0xF7BD, 0xF7BD, 0xF7BD, 0xF7BD, 0xF7BD, 0xF7BD,
    0xF7BD, 0xF7BD, 0xF7BD, 0x54CE, 0x23EA, 0xF7BD, 0xF7BD, 0xD71A, 0x0367, 0x95F4, 0xF7BD, 0xF7BD,
    0xF7BD, 0xF7BD, 0xF7BD, 0xF7BD, 0xA635, 0x0367, 0xC6D8, 0xF7BD, 0xD71A, 0x0367, 0x85B3, 0xD71A,
    0xF7BD, 0xD71A, 0xD71A, 0xC6D8, 0x95F4, 0x95F4, 0xC6D8, 0xD71A, 0xD71A, 0xF7BD, 0x6510, 0x23EA,
    0xF7BD, 0xF7BD, 0xF7BD, 0xF7BD, 0xF7BD, 0xF7BD, 0xF7BD, 0xF7BD, 0xF7BD, 0xF7BD, 0xF7BD, 0x95F4,
    0x0367, 0xD71A, 0xF7BD, 0x6510, 0x23EA, 0xF7BD, 0xF7BD, 0xF7BD, 0x85B3, 0x13A8, 0xD71A, 0xF7BD,
    0xF7BD, 0x344B, 0x448D, 0xF7BD, 0xF7BD, 0x95F4, 0x0367, 0xD71A, 0xF7BD, 0xF7BD, 0xF7BD, 0xF7BD,
    0x6510, 0x6510, 0xF7BD, 0xF7BD, 0xF7BD, 0x23EA, 0x95F4, 0xF7BD, 0xF7BD, 0xF7BD, 0xF7BD, 0xF7BD,
    0xF7BD, 0xF7BD, 0xF7BD, 0xF7BD, 0xF7BD, 0xF7BD, 0xF7BD, 0xF7BD, 0xF7BD, 0xF7BD, 0xF7BD, 0xF7BD,
    0xF7BD, 0xF7BD, 0xF7BD, 0xF7BD, 0xF7BD, 0xF7BD, 0xF7BD, 0xF7BD, 0xF7BD, 0xF7BD, 0xF7BD, 0xF7BD,
    0xF7BD, 0xF7BD, 0xF7BD, 0xF7BD, 0xF7BD, 0xF7BD, 0xF7BD, 0xF7BD, 0xF7BD, 0xF7BD, 0xF7BD, 0xF7BD,
    0xF7BD, 0xF7BD, 0xF7BD, 0xF7BD, 0xF7BD, 0xF7BD, 0xF7BD, 0xF7BD, 0xF7BD, 0xF7BD, 0xF7BD, 0xF7BD,
    0xF7BD, 0xF7BD, 0xF7BD, 0xF7BD, 0xF7BD, 0xF7BD, 0xB697, 0x13A8, 0x13A8, 0x23EA, 0x13A8, 0x6510,
    0xF7BD, 0xF7BD, 0x95F4, 0x0367, 0xC6D8, 0xD71A, 0xF7BD, 0xF7BD, 0xB697, 0x13A8, 0x13A8, 0x344B,
    0x6510, 0x6510, 0x23EA, 0x13A8, 0x344B, 0xD71A, 0xF7BD, 0xF7BD, 0xF7BD, 0xF7BD, 0xF7BD, 0xF7BD,
    0xF7BD, 0xF7BD, 0xF7BD, 0xF7BD, 0x23EA, 0x95F4, 0xF7BD, 0xF7BD, 0xF7BD, 0x6510, 0x23EA, 0xF7BD,
    0xD71A, 0x0367, 0x95F4, 0xF7BD, 0xF7BD, 0xF7BD, 0xD71A, 0x95F4, 0x95F4, 0x95F4, 0x95F4, 0x95F4,
    0x95F4, 0x95F4, 0x85B3, 0x0367, 0x95F4, 0xF7BD, 0xF7BD, 0xF7BD, 0xF7BD, 0xF7BD, 0xF7BD, 0xF7BD,
    0xF7BD, 0xF7BD, 0xF7BD, 0xF7BD, 0x6510, 0x23EA, 0xF7BD, 0xF7BD, 0xF7BD, 0xF7BD, 0xF7BD, 0xF7BD,
    0xF7BD, 0xF7BD, 0xF7BD, 0xF7BD, 0xD71A, 0x13A8, 0x85B3, 0x95F4, 0x95F4, 0x85B3, 0x0367, 0x95F4,
    0xF7BD, 0xF7BD, 0xF7BD, 0xF7BD, 0xF7BD, 0xF7BD, 0x448D, 0x448D, 0xF7BD, 0xF7BD, 0xD71A, 0x0367,
    0x0367, 0x0367, 0x95F4, 0xF7BD, 0x85B3, 0x13A8, 0x13A8, 0x13A8, 0x13A8, 0x85B3, 0xF7BD, 0xF7BD,
    0x6510, 0x23EA, 0xD71A, 0xE77B, 0xF7BD, 0xF7BD, 0xF7BD, 0xF7BD, 0xF7BD, 0xF7BD, 0xF7BD, 0xF7BD,
    0xF7BD, 0x95F4, 0x0367, 0xD71A, 0xF7BD, 0x6510, 0x23EA, 0xF7BD, 0xF7BD, 0xF7BD, 0x344B, 0x54CE,
    0xF7BD, 0xF7BD, 0xF7BD, 0x85B3, 0x13A8, 0xE77B, 0xF7BD, 0x95F4, 0x0367, 0xD71A, 0xF7BD, 0xF7BD,
    0xF7BD, 0xF7BD, 0x6510, 0x6510, 0xF7BD, 0xF7BD, 0xF7BD, 0x23EA, 0x95F4, 0xF7BD, 0xF7BD, 0xF7BD,
    0xF7BD, 0xF7BD, 0xF7BD, 0xF7BD, 0xF7BD, 0xF7BD, 0xF7BD, 0xF7BD, 0xF7BD, 0xF7BD, 0xF7BD, 0xF7BD,
    0xF7BD, 0xF7BD, 0xF7BD, 0xF7BD, 0xF7BD, 0xF7BD, 0xF7BD, 0xF7BD, 0xF7BD, 0xF7BD, 0xF7BD, 0xF7BD,
    0xF7BD, 0xF7BD, 0xF7BD, 0xF7BD, 0xF7BD, 0xF7BD, 0xF7BD, 0xF7BD, 0xF7BD, 0xF7BD, 0xF7BD, 0xF7BD,
    0xF7BD, 0xF7BD, 0xF7BD, 0xF7BD, 0xF7BD, 0xF7BD, 0xF7BD, 0xF7BD, 0xF7BD, 0xF7BD, 0xF7BD, 0xF7BD,
    0xF7BD, 0xF7BD, 0xF7BD, 0xF7BD, 0xF7BD, 0xF7BD, 0xF7BD, 0xE77B, 0x13A8, 0x6510, 0xE77B, 0xF7BD,
    0xB697, 0x13A8, 0x85B3, 0xF7BD, 0x95F4, 0x0367, 0x0367, 0x0367, 0xD71A, 0xF7BD, 0xF7BD, 0xE77B,
    0xB697, 0x95F4, 0x95F4, 0x95F4, 0x95F4, 0xB697, 0xF7BD, 0xF7BD, 0xF7BD, 0xF7BD, 0xF7BD, 0xF7BD,
    0xF7BD, 0xF7BD, 0xF7BD, 0xF7BD, 0xF7BD, 0xF7BD, 0x23EA, 0x23EA, 0x23EA, 0x23EA, 0x23EA, 0x13A8,
    0x23EA, 0xF7BD, 0xD71A, 0x0367, 0x7571, 0x95F4, 0xA635, 0xF7BD, 0x95F4, 0x0367, 0x23EA, 0x23EA,
    0x23EA, 0x23EA, 0x23EA, 0x23EA, 0x23EA, 0x23EA, 0xA635, 0xF7BD, 0xF7BD, 0xF7BD, 0xF7BD, 0xF7BD,
    0xF7BD, 0xF7BD, 0xF7BD, 0xF7BD, 0xF7BD, 0xF7BD, 0x6510, 0x23EA, 0xF7BD, 0xF7BD, 0xF7BD, 0xF7BD,
    0xF7BD, 0xF7BD, 0xF7BD, 0xF7BD, 0xF7BD, 0xF7BD, 0x448D, 0x344B, 0xD71A, 0x23EA, 0x23EA, 0x23EA,
    0x0367, 0x95F4, 0xF7BD, 0xF7BD, 0xF7BD, 0xF7BD, 0xF7BD, 0x54CE, 0x13A8, 0xD71A, 0xF7BD, 0xF7BD,
    0xD71A, 0x0367, 0x85B3, 0xD71A, 0xF7BD, 0xB697, 0x0367, 0x95F4, 0xE77B, 0xE77B, 0x95F4, 0x0367,
    0xB697, 0xF7BD, 0x6510, 0x0367, 0x0367, 0x23EA, 0xF7BD, 0xF7BD, 0xF7BD, 0xF7BD, 0xC6D8, 0x6510,
    0x6510, 0x6510, 0x6510, 0x448D, 0x0367, 0xD71A, 0xF7BD, 0x6510, 0x23EA, 0xD71A, 0xD71A, 0xE77B,
    0x13A8, 0x95F4, 0xF7BD, 0xF7BD, 0xF7BD, 0xD71A, 0x0367, 0xB697, 0xF7BD, 0x95F4, 0x0367, 0xD71A,
    0xF7BD, 0xF7BD, 0xF7BD, 0xF7BD, 0x6510, 0x6510, 0xF7BD, 0xF7BD, 0xF7BD, 0x23EA, 0x95F4, 0xF7BD,
    0xF7BD, 0xF7BD, 0xF7BD, 0xF7BD, 0xF7BD, 0xF7BD, 0xF7BD, 0xF7BD, 0xF7BD, 0xF7BD, 0xF7BD, 0xF7BD,
    0xF7BD, 0xF7BD, 0xF7BD, 0xF7BD, 0xF7BD, 0xF7BD, 0xF7BD, 0xF7BD, 0xF7BD, 0xF7BD, 0xF7BD, 0xF7BD,
    0xF7BD, 0xF7BD, 0xF7BD, 0xF7BD, 0xF7BD, 0xF7BD, 0xF7BD, 0xF7BD, 0xF7BD, 0xF7BD, 0xF7BD, 0xF7BD,
    0xF7BD, 0xF7BD, 0xF7BD, 0xF7BD, 0xF7BD, 0xF7BD, 0xF7BD, 0xF7BD, 0xF7BD, 0xF7BD, 0xF7BD, 0xF7BD,
    0xF7BD, 0xF7BD, 0xF7BD, 0xF7BD, 0xF7BD, 0xF7BD, 0xF7BD, 0xF7BD, 0xF7BD, 0xD71A, 0x0367, 0xD71A,
    0xF7BD, 0xF7BD, 0xF7BD, 0x54CE, 0x6510, 0xF7BD, 0x95F4, 0x0367, 0xC6D8, 0xD71A, 0x85B3, 0x23EA,
    0x23EA, 0x23EA, 0x23EA, 0x23EA, 0x23EA, 0x23EA, 0x23EA, 0x23EA, 0x23EA, 0x23EA, 0x23EA, 0xA635,
    0xF7BD, 0xF7BD, 0xF7BD, 0xF7BD, 0xF7BD, 0xF7BD, 0xF7BD, 0xF7BD, 0x23EA, 0x7571, 0x95F4, 0x95F4,
    0x95F4, 0x448D, 0x23EA, 0xF7BD, 0xD71A, 0x0367, 0x0367, 0x0367, 0x23EA, 0xF7BD, 0x95F4, 0x0367,
    0xD71A, 0xF7BD, 0xF7BD, 0xF7BD, 0xF7BD, 0xF7BD, 0xF7BD, 0xF7BD, 0xF7BD, 0xF7BD, 0xF7BD, 0xF7BD,
    0xF7BD, 0xF7BD, 0xF7BD, 0x85B3, 0x448D, 0xF7BD, 0xF7BD, 0xF7BD, 0x344B, 0x6510, 0xF7BD, 0xF7BD,
    0xF7BD, 0xF7BD, 0xF7BD, 0xF7BD, 0xF7BD, 0xF7BD, 0xC6D8, 0x344B, 0x23EA, 0xD71A, 0xF7BD, 0xF7BD,
    0xF7BD, 0xD71A, 0x0367, 0x95F4, 0xF7BD, 0xF7BD, 0xF7BD, 0xB697, 0x448D, 0x13A8, 0xB697, 0xF7BD,
    0xF7BD, 0xF7BD, 0xD71A, 0x0367, 0x95F4, 0xF7BD, 0xF7BD, 0x95F4, 0x23EA, 0xF7BD, 0xF7BD, 0xF7BD,
    0xF7BD, 0x23EA, 0x95F4, 0xF7BD, 0x6510, 0x23EA, 0xD71A, 0xE77B, 0xF7BD, 0xF7BD, 0xF7BD, 0xF7BD,
    0x95F4, 0x13A8, 0x23EA, 0x23EA, 0x23EA, 0x23EA, 0x23EA, 0xE77B, 0xF7BD, 0x6510, 0x0367, 0x0367,
    0x0367, 0x95F4, 0x0367, 0x95F4, 0xF7BD, 0xF7BD, 0xF7BD, 0xD71A, 0x0367, 0x95F4, 0xF7BD, 0x95F4,
    0x0367, 0xD71A, 0xF7BD, 0xF7BD, 0xF7BD, 0xF7BD, 0x6510, 0x6510, 0xF7BD, 0xF7BD, 0xF7BD, 0x23EA,
    0x95F4, 0xF7BD, 0xF7BD, 0xF7BD, 0xF7BD, 0xF7BD, 0xF7BD, 0xF7BD, 0xF7BD, 0xF7BD, 0xF7BD, 0xF7BD,
    0xF7BD, 0xF7BD, 0xF7BD, 0xF7BD, 0xF7BD, 0xF7BD, 0xF7BD, 0xF7BD, 0xF7BD, 0xF7BD, 0xF7BD, 0xF7BD,
    0xF7BD, 0xF7BD, 0xF7BD, 0xF7BD, 0xF7BD, 0xF7BD, 0xF7BD, 0xF7BD, 0xF7BD, 0xF7BD, 0xF7BD, 0xF7BD,
    0xF7BD, 0xF7BD, 0xF7BD, 0xF7BD, 0xF7BD, 0xF7BD, 0xF7BD, 0xF7BD, 0xF7BD, 0xF7BD, 0xF7BD, 0xF7BD,
    0xF7BD, 0xF7BD, 0xF7BD, 0xF7BD, 0xF7BD, 0xF7BD, 0xF7BD, 0xF7BD, 0xF7BD, 0xF7BD, 0xF7BD, 0xE77B,
    0x13A8, 0x54CE, 0xC6D8, 0xD71A, 0x95F4, 0x13A8, 0x85B3, 0xF7BD, 0x95F4, 0x0367, 0xD71A, 0xF7BD,
    0xC6D8, 0x95F4, 0x95F4, 0x95F4, 0x95F4, 0x95F4, 0x23EA, 0x448D, 0x95F4, 0x95F4, 0x95F4, 0x95F4,
    0x95F4, 0xD71A, 0xF7BD, 0xF7BD, 0xF7BD, 0xF7BD, 0xF7BD, 0xF7BD, 0xF7BD, 0xF7BD, 0x23EA, 0x95F4,
    0xF7BD, 0xF7BD, 0xF7BD, 0x6510, 0x23EA, 0xF7BD, 0xD71A, 0x0367, 0x85B3, 0xD71A, 0xE77B, 0xF7BD,
    0x95F4, 0x0367, 0xC6D8, 0xD71A, 0xD71A, 0xD71A, 0xD71A, 0xD71A, 0xD71A, 0xD71A, 0xE77B, 0xF7BD,
    0xF7BD, 0xF7BD, 0xF7BD, 0xF7BD, 0xF7BD, 0x6510, 0x23EA, 0xF7BD, 0xF7BD, 0xF7BD, 0x23EA, 0x6510,
    0xF7BD, 0xF7BD, 0xF7BD, 0xF7BD, 0xF7BD, 0xF7BD, 0xB697, 0x6510, 0x13A8, 0x448D, 0xD71A, 0xF7BD,
    0xF7BD, 0xF7BD, 0xF7BD, 0xD71A, 0x0367, 0x95F4, 0xF7BD, 0xB697, 0x448D, 0x0367, 0x448D, 0xD71A,
    0xF7BD, 0xF7BD, 0xF7BD, 0xF7BD, 0xD71A, 0x0367, 0x95F4, 0xF7BD, 0xF7BD, 0xB697, 0x0367, 0x7571,
    0xD71A, 0xD71A, 0x7571, 0x13A8, 0xC6D8, 0xF7BD, 0x6510, 0x23EA, 0xF7BD, 0xF7BD, 0xF7BD, 0xF7BD,
    0xF7BD, 0xF7BD, 0x95F4, 0x23EA, 0xF7BD, 0xF7BD, 0xF7BD, 0xF7BD, 0xF7BD, 0xF7BD, 0xF7BD, 0x6510,
    0x23EA, 0xD71A, 0xD71A, 0xF7BD, 0x23EA, 0x85B3, 0xF7BD, 0xF7BD, 0xF7BD, 0xB697, 0x0367, 0xC6D8,
    0xF7BD, 0x95F4, 0x0367, 0xD71A, 0xF7BD, 0xF7BD, 0xA635, 0x95F4, 0x448D, 0x448D, 0x95F4, 0x95F4,
    0x95F4, 0x23EA, 0x7571, 0x95F4, 0xC6D8, 0xF7BD, 0xF7BD, 0xF7BD, 0xF7BD, 0xF7BD, 0xF7BD, 0xF7BD,
    0xF7BD, 0xF7BD, 0xF7BD, 0xF7BD, 0xF7BD, 0xF7BD, 0xF7BD, 0xF7BD, 0xF7BD, 0xF7BD, 0xF7BD, 0xF7BD,
    0xF7BD, 0xF7BD, 0xF7BD, 0xF7BD, 0xF7BD, 0xF7BD, 0xF7BD, 0xF7BD, 0xF7BD, 0xF7BD, 0xF7BD, 0xF7BD,
    0xF7BD, 0xF7BD, 0xF7BD, 0xF7BD, 0xF7BD, 0xF7BD, 0xF7BD, 0xF7BD, 0xF7BD, 0xF7BD, 0xF7BD, 0xF7BD,
    0xF7BD, 0xF7BD, 0xF7BD, 0xF7BD, 0xF7BD, 0xF7BD, 0xF7BD, 0xF7BD, 0xF7BD, 0xF7BD, 0xF7BD, 0xF7BD,
    0xF7BD, 0xF7BD, 0xC6D8, 0x344B, 0x0367, 0x0367, 0x13A8, 0x85B3, 0xF7BD, 0xF7BD, 0x95F4, 0x0367,
    0xD71A, 0xF7BD, 0xF7BD, 0xE77B, 0x6510, 0x6510, 0x6510, 0x6510, 0x13A8, 0x344B, 0x6510, 0x6510,
    0x6510, 0x95F4, 0xF7BD, 0xF7BD, 0xF7BD, 0xF7BD, 0xF7BD, 0xF7BD, 0xF7BD, 0xF7BD, 0xF7BD, 0xF7BD,
    0x23EA, 0x95F4, 0xF7BD, 0xF7BD, 0xF7BD, 0x6510, 0x23EA, 0xF7BD, 0xD71A, 0x0367, 0x95F4, 0xF7BD,
    0xF7BD, 0xF7BD, 0x95F4, 0x0367, 0x0367, 0x0367, 0x0367, 0x0367, 0x0367, 0x0367, 0x0367, 0x0367,
    0x6510, 0xF7BD, 0xF7BD, 0xF7BD, 0xF7BD, 0xF7BD, 0xF7BD, 0x6510, 0x23EA, 0xF7BD, 0xF7BD, 0xE77B,
    0x13A8, 0x85B3, 0xF7BD, 0xF7BD, 0xF7BD, 0xF7BD, 0xF7BD, 0xF7BD, 0x344B, 0x344B, 0x95F4, 0xF7BD,
    0xF7BD, 0xF7BD, 0xF7BD, 0xF7BD, 0xF7BD, 0xD71A, 0x0367, 0x95F4, 0xF7BD, 0x95F4, 0x54CE, 0xB697,
    0xF7BD, 0xF7BD, 0xD71A, 0xD71A, 0xD71A, 0xD71A, 0xE77B, 0x23EA, 0xA635, 0xF7BD, 0xF7BD, 0xF7BD,
    0x95F4, 0x23EA, 0x0367, 0x0367, 0x23EA, 0xB697, 0xF7BD, 0xF7BD, 0x6510, 0x23EA, 0xF7BD, 0xF7BD,
    0xF7BD, 0xF7BD, 0xF7BD, 0xF7BD, 0x95F4, 0x23EA, 0xF7BD, 0xF7BD, 0xF7BD, 0xF7BD, 0xF7BD, 0xF7BD,
    0xF7BD, 0x6510, 0x23EA, 0xF7BD, 0xF7BD, 0xF7BD, 0x448D, 0x448D, 0xF7BD, 0xF7BD, 0xF7BD, 0x85B3,
    0x13A8, 0xE77B, 0xF7BD, 0x95F4, 0x0367, 0xD71A, 0xF7BD, 0xF7BD, 0x448D, 0x23EA, 0x23EA, 0x23EA,
    0x23EA, 0x23EA, 0x23EA, 0x23EA, 0x23EA, 0x23EA, 0x85B3, 0xF7BD, 0xF7BD, 0xF7BD, 0xF7BD, 0xF7BD,
    0xF7BD, 0xF7BD, 0xF7BD, 0xF7BD, 0xF7BD, 0xF7BD, 0xF7BD, 0xF7BD, 0xF7BD, 0xF7BD, 0xF7BD, 0xF7BD,
    0xF7BD, 0xF7BD, 0xF7BD, 0xF7BD, 0xF7BD, 0xF7BD, 0xF7BD, 0xF7BD, 0xF7BD, 0xF7BD, 0xF7BD, 0xF7BD,
    0xF7BD, 0xF7BD, 0xF7BD, 0xF7BD, 0xF7BD, 0xF7BD, 0xF7BD, 0xF7BD, 0xF7BD, 0xF7BD, 0xF7BD, 0xF7BD,
    0xF7BD, 0xF7BD, 0xF7BD, 0xF7BD, 0xF7BD, 0xF7BD, 0xF7BD, 0xF7BD, 0xF7BD, 0xF7BD, 0xF7BD, 0xF7BD,
    0xF7BD, 0xF7BD, 0xF7BD, 0xF7BD, 0xF7BD, 0xE77B, 0xC6D8, 0xD71A, 0xE77B, 0xF7BD, 0xF7BD, 0xF7BD,
    0x95F4, 0x0367, 0xD71A, 0xF7BD, 0xF7BD, 0xE77B, 0x6510, 0x6510, 0x6510, 0x6510, 0x6510, 0x6510,
    0x6510, 0x6510, 0x344B, 0x6510, 0xF7BD, 0xF7BD, 0xF7BD, 0xF7BD, 0xF7BD, 0xF7BD, 0xF7BD, 0xF7BD,
    0xF7BD, 0xF7BD, 0x23EA, 0x85B3, 0xD71A, 0xD71A, 0xD71A, 0x6510, 0x23EA, 0xF7BD, 0xD71A, 0x0367,
    0x95F4, 0xF7BD, 0xF7BD, 0xF7BD, 0xF7BD, 0xD71A, 0xD71A, 0xD71A, 0xD71A, 0xD71A, 0xD71A, 0xD71A,
    0xD71A, 0xD71A, 0xE77B, 0xF7BD, 0xF7BD, 0xF7BD, 0xF7BD, 0xF7BD, 0xF7BD, 0x6510, 0x23EA, 0xF7BD,
    0xF7BD, 0xE77B, 0x6510, 0xC6D8, 0xF7BD, 0xF7BD, 0xF7BD, 0xF7BD, 0xF7BD, 0xF7BD, 0xE77B, 0xF7BD,
    0x95F4, 0x85B3, 0xF7BD, 0xF7BD, 0xF7BD, 0xF7BD, 0xF7BD, 0xD71A, 0x0367, 0x95F4, 0xF7BD, 0xF7BD,
    0xF7BD, 0xF7BD, 0x85B3, 0x23EA, 0x0367, 0x23EA, 0x13A8, 0x0367, 0x344B, 0xB697, 0xF7BD, 0xF7BD,
    0xF7BD, 0xF7BD, 0xF7BD, 0xD71A, 0xD71A, 0xD71A, 0xF7BD, 0xF7BD, 0xF7BD, 0xF7BD, 0x6510, 0x23EA,
    0xF7BD, 0xF7BD, 0xF7BD, 0xF7BD, 0xF7BD, 0xF7BD, 0x95F4, 0x23EA, 0xD71A, 0xB697, 0x95F4, 0x95F4,
    0x95F4, 0x6510, 0xB697, 0x6510, 0x23EA, 0xF7BD, 0xF7BD, 0xF7BD, 0xB697, 0x0367, 0x85B3, 0xD71A,
    0xA635, 0x13A8, 0x85B3, 0xF7BD, 0xF7BD, 0x95F4, 0x0367, 0xD71A, 0xF7BD, 0xF7BD, 0xF7BD, 0xF7BD,
    0xF7BD, 0xF7BD, 0xF7BD, 0xF7BD, 0xF7BD, 0xF7BD, 0xF7BD, 0xF7BD, 0xF7BD, 0xF7BD, 0xF7BD, 0xF7BD,
    0xF7BD, 0xF7BD, 0xF7BD, 0xF7BD, 0xF7BD, 0xF7BD, 0xF7BD, 0xF7BD, 0xF7BD, 0xF7BD, 0xF7BD, 0xF7BD,
    0xF7BD, 0xF7BD, 0xF7BD, 0xF7BD, 0xF7BD, 0xF7BD, 0xF7BD, 0xF7BD, 0xF7BD, 0xF7BD, 0xF7BD, 0xF7BD,
    0xF7BD, 0xF7BD, 0xF7BD, 0xF7BD, 0xF7BD, 0xF7BD, 0xF7BD, 0xF7BD, 0xF7BD, 0xF7BD, 0xF7BD, 0xF7BD,
    0xF7BD, 0xF7BD, 0xF7BD, 0xF7BD, 0xF7BD, 0xF7BD, 0xF7BD, 0xF7BD, 0xF7BD, 0xF7BD, 0xF7BD, 0xF7BD,
    0xF7BD, 0xF7BD, 0xF7BD, 0xF7BD, 0xF7BD, 0xF7BD, 0xF7BD, 0x23EA, 0x6510, 0xF7BD, 0xF7BD, 0xF7BD,
    0xF7BD, 0xF7BD, 0xA635, 0x23EA, 0xE77B, 0xF7BD, 0xF7BD, 0xF7BD, 0x95F4, 0x95F4, 0x95F4, 0x95F4,
    0x95F4, 0x95F4, 0x95F4, 0x95F4, 0x448D, 0x6510, 0xF7BD, 0xF7BD, 0xF7BD, 0xF7BD, 0xF7BD, 0xF7BD,
    0xF7BD, 0xF7BD, 0xF7BD, 0xF7BD, 0x23EA, 0x0367, 0x0367, 0x0367, 0x0367, 0x0367, 0x23EA, 0xF7BD,
    0xD71A, 0x0367, 0x95F4, 0xF7BD, 0xF7BD, 0xF7BD, 0xF7BD, 0xF7BD, 0xF7BD, 0xF7BD, 0xF7BD, 0xF7BD,
    0xF7BD, 0xF7BD, 0xF7BD, 0xF7BD, 0xF7BD, 0xF7BD, 0xF7BD, 0xF7BD, 0xF7BD, 0xF7BD, 0xF7BD, 0x6510,
    0x23EA, 0xF7BD, 0xF7BD, 0xF7BD, 0xF7BD, 0xF7BD, 0xF7BD, 0xF7BD, 0xF7BD, 0xF7BD, 0xF7BD, 0xF7BD,
    0xF7BD, 0xF7BD, 0x6510, 0x23EA, 0xF7BD, 0xF7BD, 0xF7BD, 0xF7BD, 0xF7BD, 0xE77B, 0x23EA, 0xA635,
    0xF7BD, 0xF7BD, 0xF7BD, 0x6510, 0x13A8, 0x95F4, 0xD71A, 0xF7BD, 0xE77B, 0xC6D8, 0x6510, 0x13A8,
    0xD71A, 0xF7BD, 0xF7BD, 0xF7BD, 0xD71A, 0x0367, 0x95F4, 0xF7BD, 0xF7BD, 0xF7BD, 0xF7BD, 0xF7BD,
    0x85B3, 0x448D, 0xF7BD, 0xF7BD, 0xF7BD, 0xF7BD, 0xF7BD, 0xF7BD, 0x95F4, 0x0367, 0x0367, 0x0367,
    0x23EA, 0x23EA, 0x23EA, 0x54CE, 0x95F4, 0x6510, 0x23EA, 0xF7BD, 0xF7BD, 0xF7BD, 0xF7BD, 0x85B3,
    0x13A8, 0x0367, 0x13A8, 0x6510, 0xF7BD, 0xF7BD, 0xF7BD, 0x95F4, 0x0367, 0xD71A, 0xF7BD, 0xF7BD,
    0xF7BD, 0xF7BD, 0xF7BD, 0xF7BD, 0xF7BD, 0xF7BD, 0xF7BD, 0xF7BD, 0xF7BD, 0xF7BD, 0xF7BD, 0xF7BD,
    0xF7BD, 0xF7BD, 0xF7BD, 0xF7BD, 0xF7BD, 0xF7BD, 0xF7BD, 0xF7BD, 0xF7BD, 0xF7BD, 0xF7BD, 0xF7BD,
    0xF7BD, 0xF7BD, 0xF7BD, 0xF7BD, 0xF7BD, 0xF7BD, 0xF7BD, 0xF7BD, 0xF7BD, 0xF7BD, 0xF7BD, 0xF7BD,
    0xF7BD, 0xF7BD, 0xF7BD, 0xF7BD, 0xF7BD, 0xF7BD, 0xF7BD, 0xF7BD, 0xF7BD, 0xF7BD, 0xF7BD, 0xF7BD,
    0xF7BD, 0xF7BD, 0xF7BD, 0xF7BD, 0xF7BD, 0xF7BD, 0xF7BD, 0xF7BD, 0xF7BD, 0xF7BD, 0xF7BD, 0xF7BD,
    0xF7BD, 0xF7BD, 0xF7BD, 0xF7BD, 0xF7BD, 0xF7BD, 0xF7BD, 0xF7BD, 0xF7BD, 0x23EA, 0x6510, 0xF7BD,
    0xF7BD, 0xF7BD, 0xF7BD, 0xF7BD, 0xF7BD, 0xF7BD, 0xF7BD, 0xF7BD, 0xF7BD, 0xD71A, 0x0367, 0x23EA,
    0x23EA, 0x23EA, 0x23EA, 0x23EA, 0x23EA, 0x23EA, 0x23EA, 0x85B3, 0xF7BD, 0xF7BD, 0xF7BD, 0xD71A,
    0xE77B, 0xF7BD, 0xF7BD, 0xF7BD, 0xF7BD, 0xF7BD, 0xE77B, 0xD71A, 0xD71A, 0xD71A, 0xD71A, 0xD71A,
    0xE77B, 0xF7BD, 0xD71A, 0x0367, 0x95F4, 0xF7BD, 0xE77B, 0x6510, 0x6510, 0x6510, 0x6510, 0x6510,
    0x6510, 0x6510, 0x6510, 0x6510, 0x6510, 0x6510, 0x6510, 0x85B3, 0x85B3, 0x23EA, 0x23EA, 0x23EA,
    0x23EA, 0x13A8, 0x13A8, 0x23EA, 0x23EA, 0x23EA, 0x23EA, 0x23EA, 0x23EA, 0xA635, 0xF7BD, 0xF7BD,
    0xF7BD, 0xF7BD, 0xF7BD, 0xF7BD, 0x6510, 0x23EA, 0xF7BD, 0xF7BD, 0xF7BD, 0xF7BD, 0xF7BD, 0xF7BD,
    0xF7BD, 0xF7BD, 0xF7BD, 0xF7BD, 0xF7BD, 0x23EA, 0x6510, 0xF7BD, 0xF7BD, 0xF7BD, 0xF7BD, 0xF7BD,
    0xE77B, 0x13A8, 0x95F4, 0xF7BD, 0xF7BD, 0xF7BD, 0xD71A, 0x0367, 0x95F4, 0xF7BD, 0xF7BD, 0xF7BD,
    0xF7BD, 0xF7BD, 0xF7BD, 0xF7BD, 0xF7BD, 0xF7BD, 0xF7BD, 0xF7BD, 0xF7BD, 0xF7BD, 0xF7BD, 0xD71A,
    0xD71A, 0xD71A, 0xF7BD, 0xF7BD, 0xF7BD, 0xF7BD, 0xF7BD, 0x6510, 0x23EA, 0xF7BD, 0xF7BD, 0xF7BD,
    0xF7BD, 0xF7BD, 0xE77B, 0xC6D8, 0xE77B, 0xF7BD, 0xF7BD, 0xF7BD, 0xF7BD, 0x95F4, 0x0367, 0xD71A,
    0xE77B, 0x6510, 0x6510, 0x6510, 0x6510, 0x6510, 0x6510, 0x6510, 0x6510, 0x6510, 0x6510, 0x6510,
    0x6510, 0x85B3, 0xF7BD, 0xF7BD, 0xF7BD, 0xF7BD, 0xF7BD, 0xF7BD, 0xF7BD, 0xF7BD, 0xF7BD, 0xF7BD,
    0xF7BD, 0xF7BD, 0xF7BD, 0xF7BD, 0xF7BD, 0xF7BD, 0xF7BD, 0xF7BD, 0xF7BD, 0xF7BD, 0xF7BD, 0xF7BD,
    0xF7BD, 0xF7BD, 0xF7BD, 0xF7BD, 0xF7BD, 0xF7BD, 0xF7BD, 0xF7BD, 0xF7BD, 0xF7BD, 0xF7BD, 0xF7BD,
    0xF7BD, 0xF7BD, 0xF7BD, 0xF7BD, 0xF7BD, 0xF7BD, 0xF7BD, 0xF7BD, 0xF7BD, 0xF7BD, 0xF7BD, 0xF7BD,
    0xF7BD, 0xF7BD, 0xF7BD, 0xF7BD, 0xF7BD, 0xF7BD, 0xF7BD, 0xF7BD, 0xF7BD, 0xF7BD, 0xF7BD, 0x23EA,
    0x6510, 0xD71A, 0xD71A, 0xD71A, 0xD71A, 0xD71A, 0xD71A, 0xD71A, 0xE77B, 0xF7BD, 0xF7BD, 0xD71A,
    0x0367, 0x95F4, 0xF7BD, 0xF7BD, 0xF7BD, 0xF7BD, 0xF7BD, 0xF7BD, 0xF7BD, 0xF7BD, 0xF7BD, 0xF7BD,
    0xA635, 0x0367, 0x85B3, 0xF7BD, 0xF7BD, 0xF7BD, 0xF7BD, 0xF7BD, 0xF7BD, 0xF7BD, 0xF7BD, 0xF7BD,
    0xF7BD, 0xF7BD, 0xF7BD, 0xF7BD, 0xD71A, 0x0367, 0x95F4, 0xF7BD, 0xE77B, 0x6510, 0x6510, 0x6510,
    0x6510, 0x6510, 0x6510, 0x6510, 0x6510, 0x6510, 0x6510, 0x6510, 0x6510, 0x85B3, 0xC6D8, 0x95F4,
    0x95F4, 0x95F4, 0x95F4, 0x95F4, 0x95F4, 0x95F4, 0x95F4, 0x95F4, 0x95F4, 0x95F4, 0x95F4, 0xD71A,
    0xF7BD, 0xF7BD, 0xF7BD, 0xF7BD, 0xF7BD, 0xF7BD, 0x6510, 0x23EA, 0xD71A, 0xD71A, 0xD71A, 0xD71A,
    0xD71A, 0xD71A, 0xD71A, 0xE77B, 0xF7BD, 0xF7BD, 0xF7BD, 0x6510, 0x23EA, 0xB697, 0xF7BD, 0xF7BD,
    0xF7BD, 0xE77B, 0x7571, 0x13A8, 0xC6D8, 0xF7BD, 0xF7BD, 0xF7BD, 0xD71A, 0x0367, 0x85B3, 0xD71A,
    0xD71A, 0xD71A, 0xD71A, 0xD71A, 0xD71A, 0xD71A, 0xF7BD, 0xF7BD, 0xF7BD, 0xF7BD, 0xF7BD, 0xF7BD,
    0xF7BD, 0xF7BD, 0xF7BD, 0xF7BD, 0xF7BD, 0xF7BD, 0xF7BD, 0xF7BD, 0xF7BD, 0x6510, 0x23EA, 0xF7BD,
    0xF7BD, 0xF7BD, 0xF7BD, 0xF7BD, 0xF7BD, 0xF7BD, 0xF7BD, 0xF7BD, 0xF7BD, 0xF7BD, 0xF7BD, 0x95F4,
    0x0367, 0xD71A, 0xE77B, 0x6510, 0x6510, 0x6510, 0x6510, 0x6510, 0x6510, 0x6510, 0x6510, 0x6510,
    0x6510, 0x6510, 0x6510, 0x85B3, 0xF7BD, 0xF7BD, 0xF7BD, 0xF7BD, 0xF7BD, 0xF7BD, 0xF7BD, 0xF7BD,
    0xF7BD, 0xF7BD, 0xF7BD, 0xF7BD, 0xF7BD, 0xF7BD, 0xF7BD, 0xF7BD, 0xF7BD, 0xF7BD, 0xF7BD, 0xF7BD,
    0xF7BD, 0xF7BD, 0xF7BD, 0xF7BD, 0xF7BD, 0xF7BD, 0xF7BD, 0xF7BD, 0xF7BD, 0xF7BD, 0xF7BD, 0xF7BD,
    0xF7BD, 0xF7BD, 0xF7BD, 0xF7BD, 0xF7BD, 0xF7BD, 0xF7BD, 0xF7BD, 0xF7BD, 0xF7BD, 0xF7BD, 0xF7BD,
    0xF7BD, 0xF7BD, 0xF7BD, 0xF7BD, 0xF7BD, 0xF7BD, 0xF7BD, 0xF7BD, 0xF7BD, 0xF7BD, 0xF7BD, 0xF7BD,
    0xF7BD, 0x23EA, 0x0367, 0x0367, 0x0367, 0x0367, 0x0367, 0x0367, 0x0367, 0x0367, 0x6510, 0xF7BD,
    0xF7BD, 0xD71A, 0x0367, 0x23EA, 0x23EA, 0x23EA, 0x23EA, 0x23EA, 0x23EA, 0x23EA, 0x23EA, 0x23EA,
    0xE77B, 0xF7BD, 0x85B3, 0x0367, 0xD71A, 0xF7BD, 0xF7BD, 0xF7BD, 0xF7BD, 0xF7BD, 0xF7BD, 0xF7BD,
    0xF7BD, 0xF7BD, 0xF7BD, 0xF7BD, 0xF7BD, 0xF7BD, 0xD71A, 0x0367, 0x95F4, 0xF7BD, 0xF7BD, 0xF7BD,
    0xF7BD, 0xF7BD, 0xF7BD, 0xF7BD, 0xF7BD, 0xF7BD, 0xF7BD, 0xF7BD, 0xF7BD, 0xF7BD, 0xF7BD, 0xF7BD,
    0xF7BD, 0xF7BD, 0xF7BD, 0xF7BD, 0xF7BD, 0xF7BD, 0xF7BD, 0xF7BD, 0xF7BD, 0xF7BD, 0xF7BD, 0xF7BD,
    0xF7BD, 0xF7BD, 0xF7BD, 0xF7BD, 0xF7BD, 0xF7BD, 0xF7BD, 0xF7BD, 0x6510, 0x0367, 0x0367, 0x0367,
    0x0367, 0x0367, 0x0367, 0x0367, 0x0367, 0x23EA, 0xF7BD, 0xF7BD, 0xF7BD, 0xF7BD, 0x6510, 0x13A8,
    0x23EA, 0x23EA, 0x23EA, 0x13A8, 0x23EA, 0x95F4, 0xF7BD, 0xF7BD, 0xF7BD, 0xF7BD, 0xD71A, 0x0367,
    0x0367, 0x0367, 0x0367, 0x0367, 0x0367, 0x0367, 0x0367, 0x0367, 0x95F4, 0xF7BD, 0xF7BD, 0xF7BD,
    0xF7BD, 0xF7BD, 0xF7BD, 0xF7BD, 0xF7BD, 0xF7BD, 0xF7BD, 0xF7BD, 0xF7BD, 0xF7BD, 0xF7BD, 0x6510,
    0x23EA, 0xF7BD, 0xF7BD, 0xF7BD, 0xF7BD, 0xF7BD, 0xF7BD, 0xF7BD, 0xF7BD, 0xF7BD, 0xF7BD, 0xF7BD,
    0xF7BD, 0x95F4, 0x0367, 0xD71A, 0xF7BD, 0xF7BD, 0xF7BD, 0xF7BD, 0xF7BD, 0xF7BD, 0xF7BD, 0xF7BD,
    0xF7BD, 0xF7BD, 0xF7BD, 0xF7BD, 0xF7BD, 0xF7BD, 0xF7BD, 0xF7BD, 0xF7BD, 0xF7BD, 0xF7BD, 0xF7BD,
    0xF7BD, 0xF7BD, 0xF7BD, 0xF7BD, 0xF7BD, 0xF7BD, 0xF7BD, 0xF7BD, 0xF7BD, 0xF7BD, 0xF7BD, 0xF7BD,
    0xF7BD, 0xF7BD, 0xF7BD, 0xF7BD, 0xF7BD, 0xF7BD, 0xF7BD, 0xF7BD, 0xF7BD, 0xF7BD, 0xF7BD, 0xF7BD,
    0xF7BD, 0xF7BD, 0xF7BD, 0xF7BD, 0xF7BD, 0xF7BD, 0xF7BD, 0xF7BD, 0xF7BD, 0xF7BD, 0xF7BD, 0xF7BD,
    0xF7BD, 0xF7BD, 0xF7BD, 0xF7BD, 0xF7BD, 0xF7BD, 0xF7BD, 0xF7BD, 0xF7BD, 0xF7BD, 0xF7BD, 0xF7BD,
    0xF7BD, 0xF7BD, 0xF7BD, 0xE77B, 0xD71A, 0xD71A, 0xD71A, 0xD71A, 0xD71A, 0xD71A, 0xD71A, 0xD71A,
    0xE77B, 0xF7BD, 0xF7BD, 0xF7BD, 0xD71A, 0xD71A, 0xD71A, 0xD71A, 0xD71A, 0xD71A, 0xD71A, 0xD71A,
    0xD71A, 0xD71A, 0xF7BD, 0xF7BD, 0x54CE, 0x344B, 0xF7BD, 0xF7BD, 0xF7BD, 0xF7BD, 0xF7BD, 0xF7BD,
    0xF7BD, 0xF7BD, 0xF7BD, 0xF7BD, 0xF7BD, 0xF7BD, 0xF7BD, 0xF7BD, 0xF7BD, 0x95F4, 0xD71A, 0xF7BD,
    0xF7BD, 0xF7BD, 0xF7BD, 0xF7BD, 0xF7BD, 0xF7BD, 0xF7BD, 0xF7BD, 0xF7BD, 0xF7BD, 0xF7BD, 0xF7BD,
    0xF7BD, 0xF7BD, 0xF7BD, 0xF7BD, 0xF7BD, 0xF7BD, 0xF7BD, 0xF7BD, 0xF7BD, 0xF7BD, 0xF7BD, 0xF7BD,
    0xF7BD, 0xF7BD, 0xF7BD, 0xF7BD, 0xF7BD, 0xF7BD, 0xF7BD, 0xF7BD, 0xF7BD, 0xF7BD, 0xE77B, 0xD71A,
    0xD71A, 0xD71A, 0xD71A, 0xD71A, 0xD71A, 0xD71A, 0xD71A, 0xE77B, 0xF7BD, 0xF7BD, 0xF7BD, 0xF7BD,
    0xF7BD, 0xE77B, 0xA635, 0x95F4, 0x95F4, 0xC6D8, 0xF7BD, 0xF7BD, 0xF7BD, 0xF7BD, 0xF7BD, 0xF7BD,
    0xF7BD, 0xD71A, 0xD71A, 0xD71A, 0xD71A, 0xD71A, 0xD71A, 0xD71A, 0xD71A, 0xD71A, 0xF7BD, 0xF7BD,
    0xF7BD, 0xF7BD, 0xF7BD, 0xF7BD, 0xF7BD, 0xF7BD, 0xF7BD, 0xF7BD, 0xF7BD, 0xF7BD, 0xF7BD, 0xF7BD,
    0xF7BD, 0xC6D8, 0xA635, 0xF7BD, 0xF7BD, 0xF7BD, 0xF7BD, 0xF7BD, 0xF7BD, 0xF7BD, 0xF7BD, 0xF7BD,
    0xF7BD, 0xF7BD, 0xF7BD, 0xD71A, 0x95F4, 0xF7BD, 0xF7BD, 0xF7BD, 0xF7BD, 0xF7BD, 0xF7BD, 0xF7BD,
    0xF7BD, 0xF7BD, 0xF7BD, 0xF7BD, 0xF7BD, 0xF7BD, 0xF7BD, 0xF7BD, 0xF7BD, 0xF7BD, 0xF7BD, 0xF7BD,
    0xF7BD, 0xF7BD, 0xF7BD, 0xF7BD, 0xF7BD, 0xF7BD, 0xF7BD, 0xF7BD, 0xF7BD, 0xF7BD, 0xF7BD, 0xF7BD,
    0xF7BD, 0xF7BD, 0xF7BD, 0xF7BD, 0xF7BD, 0xF7BD, 0xF7BD, 0xF7BD, 0xF7BD, 0xF7BD, 0xF7BD, 0xF7BD,
    0xF7BD, 0xF7BD, 0xF7BD, 0xF7BD, 0xF7BD, 0xF7BD, 0xF7BD, 0xF7BD, 0xF7BD, 0xF7BD, 0xF7BD, 0xF7BD,
    0xF7BD, 0xF7BD, 0xF7BD, 0xF7BD, 0xF7BD, 0xF7BD, 0xF7BD, 0xF7BD, 0xF7BD, 0xF7BD, 0xF7BD, 0xF7BD,
    0xF7BD, 0xF7BD, 0xF7BD, 0xF7BD, 0xF7BD, 0xF7BD, 0xF7BD, 0xF7BD, 0xF7BD, 0xF7BD, 0xF7BD, 0xF7BD,
    0xF7BD, 0xF7BD, 0xF7BD, 0xF7BD, 0xF7BD, 0xF7BD, 0xF7BD, 0xF7BD, 0xF7BD, 0xF7BD, 0xF7BD, 0xF7BD,
    0xF7BD, 0xF7BD, 0xF7BD, 0xF7BD, 0xF7BD, 0xF7BD, 0xF7BD, 0xF7BD, 0xF7BD, 0xF7BD, 0xF7BD, 0xF7BD,
    0xF7BD, 0xF7BD, 0xF7BD, 0xF7BD, 0xF7BD, 0xF7BD, 0xF7BD, 0xF7BD, 0xF7BD, 0xF7BD, 0xF7BD, 0xF7BD,
    0xF7BD, 0xF7BD, 0xF7BD, 0xF7BD, 0xF7BD, 0xF7BD, 0xF7BD, 0xF7BD, 0xF7BD, 0xF7BD, 0xF7BD, 0xF7BD,
    0xF7BD, 0xF7BD, 0xF7BD, 0xF7BD, 0xF7BD, 0xF7BD, 0xF7BD, 0xF7BD, 0xF7BD, 0xF7BD, 0xF7BD, 0xF7BD,
    0xF7BD, 0xF7BD, 0xF7BD, 0xF7BD, 0xF7BD, 0xF7BD, 0xF7BD, 0xF7BD, 0xF7BD, 0xF7BD, 0xF7BD, 0xF7BD,
    0xF7BD, 0xF7BD, 0xF7BD, 0xF7BD, 0xF7BD, 0xF7BD, 0xF7BD, 0xF7BD, 0xF7BD, 0xF7BD, 0xF7BD, 0xF7BD,
    0xF7BD, 0xF7BD, 0xF7BD, 0xF7BD, 0xF7BD, 0xF7BD, 0xF7BD, 0xF7BD, 0xF7BD, 0xF7BD, 0xF7BD, 0xF7BD,
    0xF7BD, 0xF7BD, 0xF7BD, 0xF7BD, 0xF7BD, 0xF7BD, 0xF7BD, 0xF7BD, 0xF7BD, 0xF7BD, 0xF7BD, 0xF7BD,
    0xF7BD, 0xF7BD, 0xF7BD, 0xF7BD, 0xF7BD, 0xF7BD, 0xF7BD, 0xF7BD, 0xF7BD, 0xF7BD, 0xF7BD, 0xF7BD,
    0xF7BD, 0xF7BD, 0xF7BD, 0xF7BD, 0xF7BD, 0xF7BD, 0xF7BD, 0xF7BD, 0xF7BD, 0xF7BD, 0xF7BD, 0xF7BD,
    0xF7BD, 0xF7BD, 0xF7BD, 0xF7BD, 0xF7BD, 0xF7BD, 0xF7BD, 0xF7BD, 0xF7BD, 0xF7BD, 0xF7BD, 0xF7BD,
    0xF7BD, 0xF7BD, 0xF7BD, 0xF7BD, 0xF7BD, 0xF7BD, 0xF7BD, 0xF7BD, 0xF7BD, 0xF7BD, 0xF7BD, 0xF7BD,
    0xF7BD, 0xF7BD, 0xF7BD, 0xF7BD, 0xF7BD, 0xF7BD, 0xF7BD, 0xF7BD, 0xF7BD, 0xF7BD, 0xF7BD, 0xF7BD,
    0xF7BD, 0xF7BD, 0xF7BD, 0xF7BD, 0xF7BD, 0xF7BD, 0xF7BD, 0xF7BD, 0xF7BD, 0xF7BD, 0xF7BD, 0xF7BD,
    0xF7BD, 0xF7BD, 0xF7BD, 0xF7BD, 0xF7BD, 0xF7BD, 0xF7BD, 0xF7BD, 0xF7BD, 0xF7BD, 0xF7BD, 0xF7BD,
    0xF7BD, 0xF7BD, 0xF7BD, 0xF7BD, 0xF7BD, 0xF7BD, 0xF7BD, 0xF7BD, 0xF7BD, 0xF7BD, 0xF7BD, 0xF7BD,
    0xF7BD, 0xF7BD, 0xF7BD, 0xF7BD, 0xF7BD, 0xF7BD, 0xF7BD, 0xF7BD, 0xF7BD, 0xF7BD, 0xF7BD, 0xF7BD,
    0xF7BD, 0xF7BD, 0xF7BD, 0xF7BD, 0xF7BD, 0xF7BD, 0xF7BD, 0xF7BD, 0xF7BD, 0xF7BD, 0xF7BD, 0xF7BD,
    0xF7BD, 0xF7BD, 0xF7BD, 0xF7BD, 0xF7BD, 0xF7BD, 0xF7BD, 0xF7BD, 0xF7BD, 0xF7BD, 0xF7BD, 0xF7BD,
    0xF7BD, 0xF7BD, 0xF7BD, 0xF7BD, 0xF7BD, 0xF7BD, 0xF7BD, 0xF7BD, 0xF7BD, 0xF7BD, 0xF7BD, 0xF7BD,
    0xF7BD, 0xF7BD, 0xF7BD, 0xF7BD, 0xF7BD, 0xF7BD, 0xF7BD, 0xF7BD, 0xF7BD, 0xF7BD, 0xF7BD, 0xF7BD,
    0xF7BD, 0xF7BD, 0xF7BD, 0xF7BD, 0xF7BD, 0xF7BD, 0xF7BD, 0xF7BD, 0xF7BD, 0xF7BD, 0xF7BD, 0xF7BD,
    0xF7BD, 0xF7BD, 0xF7BD, 0xF7BD, 0xF7BD, 0xF7BD, 0xF7BD, 0xF7BD, 0xF7BD, 0xF7BD, 0xF7BD, 0xF7BD,
    0xF7BD, 0xF7BD, 0xF7BD, 0xF7BD, 0xF7BD, 0xF7BD, 0xF7BD, 0xF7BD, 0xF7BD, 0xF7BD, 0xF7BD, 0xF7BD,
    0xF7BD, 0xF7BD, 0xF7BD, 0xF7BD, 0xF7BD, 0xF7BD, 0xF7BD, 0xF7BD, 0xF7BD, 0xF7BD, 0xF7BD, 0xF7BD,
    0xF7BD, 0xF7BD, 0xF7BD, 0xF7BD, 0xF7BD, 0xF7BD, 0xF7BD, 0xF7BD, 0xF7BD, 0xF7BD, 0xF7BD, 0xF7BD,
    0xF7BD, 0xF7BD, 0xF7BD, 0xF7BD, 0xF7BD, 0xF7BD, 0xF7BD, 0xF7BD, 0xF7BD, 0xF7BD, 0xF7BD, 0xF7BD,
    0xF7BD, 0xF7BD, 0xF7BD, 0xF7BD, 0xF7BD, 0xF7BD, 0xF7BD, 0xF7BD, 0xF7BD, 0xF7BD, 0xF7BD, 0xF7BD,
    0xF7BD, 0xF7BD, 0xF7BD, 0xF7BD, 0xF7BD, 0xF7BD, 0xF7BD, 0xF7BD, 0xF7BD, 0xF7BD, 0xF7BD, 0xF7BD,
    0xF7BD, 0xF7BD, 0xF7BD, 0xF7BD, 0xF7BD, 0xF7BD, 0xF7BD, 0xF7BD, 0xF7BD, 0xF7BD, 0xF7BD, 0xF7BD,
    0xF7BD, 0xF7BD, 0xF7BD, 0xF7BD, 0xF7BD, 0xF7BD, 0xF7BD, 0xF7BD, 0xF7BD, 0xF7BD, 0xF7BD, 0xF7BD,
    0xF7BD, 0xF7BD, 0xF7BD, 0xF7BD, 0xF7BD, 0xF7BD, 0xF7BD, 0xF7BD, 0xF7BD, 0xF7BD, 0xF7BD, 0xF7BD,
    0xF7BD, 0xF7BD, 0xF7BD, 0xF7BD, 0xF7BD, 0xF7BD, 0xF7BD, 0xF7BD, 0xF7BD, 0xF7BD, 0xF7BD, 0xF7BD,
    0xF7BD, 0xF7BD, 0xF7BD, 0xF7BD, 0xF7BD, 0xF7BD, 0xF7BD, 0xF7BD, 0xF7BD, 0xF7BD, 0xF7BD, 0xF7BD,
    0xF7BD, 0xF7BD, 0xF7BD, 0xF7BD, 0xF7BD, 0xF7BD, 0xF7BD, 0xF7BD, 0xF7BD, 0xF7BD, 0xF7BD, 0xF7BD,
    0xF7BD, 0xF7BD, 0xF7BD, 0xF7BD, 0xF7BD, 0xF7BD, 0xF7BD, 0xF7BD, 0xF7BD, 0xF7BD, 0xF7BD, 0xF7BD,
    0xF7BD, 0xF7BD, 0xF7BD, 0xF7BD, 0xF7BD, 0xF7BD, 0xF7BD, 0xF7BD, 0xF7BD, 0xF7BD, 0xF7BD, 0xF7BD,
    0xF7BD, 0xF7BD, 0xF7BD, 0xF7BD, 0xF7BD, 0xF7BD, 0xF7BD, 0xF7BD, 0xF7BD, 0xF7BD, 0xF7BD, 0xF7BD,
    0xF7BD, 0xF7BD, 0xF7BD, 0xF7BD, 0xF7BD, 0xF7BD, 0xF7BD, 0xF7BD, 0xF7BD, 0xF7BD, 0xF7BD, 0xF7BD,
    0xF7BD, 0xF7BD, 0xF7BD, 0xF7BD, 0xF7BD, 0xF7BD, 0xF7BD, 0xF7BD, 0xF7BD, 0xF7BD, 0xF7BD, 0xF7BD,
    0xF7BD, 0xF7BD, 0xF7BD, 0xF7BD, 0xF7BD, 0xF7BD, 0xF7BD, 0xF7BD, 0xF7BD, 0xF7BD, 0xF7BD, 0xF7BD,
    0xF7BD, 0xF7BD, 0xF7BD, 0xF7BD, 0xF7BD, 0xF7BD, 0xF7BD, 0xF7BD, 0xF7BD, 0xF7BD, 0xF7BD, 0xF7BD,
    0xF7BD, 0xF7BD, 0xF7BD, 0xF7BD, 0xF7BD, 0xF7BD, 0xF7BD, 0xF7BD, 0xF7BD, 0xF7BD, 0xF7BD, 0xF7BD,
    0xF7BD, 0xF7BD, 0xF7BD, 0xF7BD, 0xF7BD, 0xF7BD, 0xF7BD, 0xF7BD, 0xF7BD, 0xF7BD, 0xF7BD, 0xF7BD,
    0xF7BD, 0xF7BD, 0xF7BD, 0xF7BD, 0xF7BD, 0xF7BD, 0xF7BD, 0xF7BD, 0xF7BD, 0xF7BD, 0xF7BD, 0xF7BD,
    0xF7BD, 0xF7BD, 0xF7BD, 0xF7BD, 0xF7BD, 0xF7BD, 0xF7BD, 0xF7BD, 0xF7BD, 0xF7BD, 0xF7BD, 0xF7BD,
    0xF7BD, 0xF7BD, 0xF7BD, 0xF7BD, 0xF7BD, 0xF7BD, 0xF7BD, 0xF7BD, 0xF7BD, 0xF7BD, 0xF7BD, 0xF7BD,
    0xF7BD, 0xF7BD, 0xF7BD, 0xF7BD, 0xF7BD, 0xF7BD, 0xF7BD, 0xF7BD, 0xF7BD, 0xF7BD, 0xF7BD, 0xF7BD,
    0xF7BD, 0xF7BD, 0xF7BD, 0xF7BD, 0xF7BD, 0xF7BD, 0xF7BD, 0xF7BD, 0xF7BD, 0xF7BD, 0xF7BD, 0xF7BD,
    0xF7BD, 0xF7BD, 0xF7BD, 0xF7BD, 0xF7BD, 0xF7BD, 0xF7BD, 0xF7BD, 0xF7BD, 0xF7BD, 0xF7BD, 0xF7BD,
    0xF7BD, 0xF7BD, 0xF7BD, 0xF7BD, 0xF7BD, 0xF7BD, 0xF7BD, 0xF7BD, 0xF7BD, 0xF7BD, 0xF7BD, 0xF7BD,
    0xF7BD, 0xF7BD, 0xF7BD, 0xF7BD, 0xF7BD, 0xF7BD, 0xF7BD, 0xF7BD, 0xF7BD, 0xF7BD, 0xF7BD, 0xF7BD,
    0xF7BD, 0xF7BD, 0xF7BD, 0xF7BD, 0xF7BD, 0xF7BD, 0xF7BD, 0xF7BD, 0xF7BD, 0xF7BD, 0xF7BD, 0xF7BD,
    0xF7BD, 0xF7BD, 0xF7BD, 0xF7BD, 0xF7BD, 0xF7BD, 0xF7BD, 0xF7BD, 0xF7BD, 0xF7BD, 0xF7BD, 0xF7BD,
    0xF7BD, 0xF7BD, 0xF7BD, 0xF7BD, 0xF7BD, 0xF7BD, 0xF7BD, 0xF7BD, 0xF7BD, 0xF7BD, 0xF7BD, 0xF7BD,
    0xF7BD, 0xF7BD, 0xF7BD, 0xF7BD, 0xF7BD, 0xF7BD, 0xF7BD, 0xF7BD, 0xF7BD, 0xF7BD, 0xF7BD, 0xF7BD,
    0xF7BD, 0xF7BD, 0xF7BD, 0xF7BD, 0xF7BD, 0xF7BD, 0xF7BD, 0xF7BD, 0xF7BD, 0xF7BD, 0xF7BD, 0xF7BD,
    0xF7BD, 0xF7BD, 0xF7BD, 0xF7BD, 0xF7BD, 0xF7BD, 0xF7BD, 0xF7BD, 0xF7BD, 0xF7BD, 0xF7BD, 0xF7BD,
    0xF7BD, 0xF7BD, 0xF7BD, 0xF7BD, 0xF7BD, 0xF7BD, 0xF7BD, 0xF7BD, 0xF7BD, 0xF7BD, 0xF7BD, 0xF7BD,
    0xF7BD, 0xF7BD, 0xF7BD, 0xF7BD, 0xF7BD, 0xF7BD, 0xF7BD, 0xF7BD, 0xF7BD, 0xF7BD, 0xF7BD, 0xF7BD,
    0xF7BD, 0xF7BD, 0xF7BD, 0xF7BD, 0xF7BD, 0xF7BD, 0xF7BD, 0xF7BD, 0xF7BD, 0xF7BD, 0xF7BD, 0xF7BD,
    0xF7BD, 0xF7BD, 0xF7BD, 0xF7BD, 0xF7BD, 0xF7BD, 0xF7BD, 0xF7BD, 0xF7BD, 0xF7BD, 0xF7BD, 0xF7BD,
    0xF7BD, 0xF7BD, 0xF7BD, 0xF7BD, 0xF7BD, 0xF7BD, 0xF7BD, 0xF7BD, 0xF7BD, 0xF7BD, 0xF7BD, 0xF7BD,
    0xF7BD, 0xF7BD, 0xF7BD, 0xF7BD, 0xF7BD, 0xF7BD, 0xF7BD, 0xF7BD, 0xF7BD, 0xF7BD, 0xF7BD, 0xF7BD,
    0xF7BD, 0xF7BD, 0xF7BD, 0xF7BD, 0xF7BD, 0xF7BD, 0xF7BD, 0xF7BD, 0xF7BD, 0xF7BD, 0xF7BD, 0xF7BD,
    0xF7BD, 0xF7BD, 0xF7BD, 0xF7BD, 0xF7BD, 0xF7BD, 0xF7BD, 0xF7BD, 0xF7BD, 0xF7BD, 0xF7BD, 0xF7BD,
    0xF7BD, 0xF7BD, 0xF7BD, 0xF7BD, 0xF7BD, 0xF7BD, 0xF7BD, 0xF7BD, 0xF7BD, 0xF7BD, 0xF7BD, 0xF7BD,
    0xF7BD, 0xF7BD, 0xF7BD, 0xF7BD, 0xF7BD, 0xF7BD, 0xF7BD, 0xF7BD, 0xF7BD, 0xF7BD, 0xF7BD, 0xF7BD,
    0xF7BD, 0xF7BD, 0xF7BD, 0xF7BD, 0xF7BD, 0xF7BD, 0xF7BD, 0xF7BD, 0xF7BD, 0xF7BD, 0xF7BD, 0xF7BD,
    0xF7BD, 0xF7BD, 0xF7BD, 0xF7BD, 0xF7BD, 0xF7BD, 0xF7BD, 0xF7BD, 0xF7BD, 0xF7BD, 0xF7BD, 0xF7BD,
    0xF7BD, 0xF7BD, 0xF7BD, 0xF7BD, 0xF7BD, 0xF7BD, 0xF7BD, 0xF7BD, 0xF7BD, 0xF7BD, 0xF7BD, 0xF7BD,
    0xF7BD, 0xF7BD, 0xF7BD, 0xF7BD, 0xF7BD, 0xF7BD, 0xF7BD, 0xF7BD, 0xF7BD, 0xF7BD, 0xF7BD, 0xF7BD,
    0xF7BD, 0xF7BD, 0xF7BD, 0xF7BD, 0xF7BD, 0xF7BD, 0xF7BD, 0xF7BD, 0xF7BD, 0xF7BD, 0xF7BD, 0xF7BD,
    0xF7BD, 0xF7BD, 0xF7BD, 0xF7BD, 0xF7BD, 0xF7BD, 0xF7BD, 0xF7BD, 0xF7BD, 0xF7BD, 0xF7BD, 0xF7BD,
    0xF7BD, 0xF7BD, 0xF7BD, 0xF7BD, 0xF7BD, 0xF7BD, 0xF7BD, 0xF7BD, 0xF7BD, 0xF7BD, 0xF7BD, 0xF7BD,
    0xF7BD, 0xF7BD, 0xF7BD, 0xF7BD, 0xF7BD, 0xF7BD, 0xF7BD, 0xF7BD, 0xF7BD, 0xF7BD, 0xF7BD, 0xF7BD,
    0xF7BD, 0xF7BD, 0xF7BD, 0xF7BD, 0xF7BD, 0xF7BD, 0xF7BD, 0xF7BD, 0xF7BD, 0xF7BD, 0xF7BD, 0xF7BD,
    0xF7BD, 0xF7BD, 0xF7BD, 0xF7BD, 0xF7BD, 0xF7BD, 0xF7BD, 0xF7BD, 0xF7BD, 0xF7BD, 0xF7BD, 0xF7BD,
    0xF7BD, 0xF7BD, 0xF7BD, 0xF7BD, 0xF7BD, 0xF7BD, 0xF7BD, 0xF7BD, 0xF7BD, 0xF7BD, 0xF7BD, 0xF7BD,
    0xF7BD, 0xF7BD, 0xF7BD, 0xF7BD, 0xF7BD, 0xF7BD, 0xF7BD, 0xF7BD, 0xF7BD, 0xF7BD, 0xF7BD, 0xF7BD,
    0xF7BD, 0xF7BD, 0xF7BD, 0xF7BD, 0xF7BD, 0xF7BD, 0xF7BD, 0xF7BD, 0xF7BD, 0xF7BD, 0xF7BD, 0xF7BD,
    0xF7BD, 0xF7BD, 0xF7BD, 0xF7BD, 0xF7BD, 0xF7BD, 0xF7BD, 0xF7BD, 0xF7BD, 0xF7BD, 0xF7BD, 0xF7BD,
    0xF7BD, 0xF7BD, 0xF7BD, 0xF7BD, 0xF7BD, 0xF7BD, 0xF7BD, 0xF7BD, 0xF7BD, 0xF7BD, 0xF7BD, 0xF7BD,
    0xF7BD, 0xF7BD, 0xF7BD, 0xF7BD, 0xF7BD, 0xF7BD, 0xF7BD, 0xF7BD, 0xF7BD, 0xF7BD, 0xF7BD, 0xF7BD,
    0xF7BD, 0xF7BD, 0xF7BD, 0xF7BD, 0xF7BD, 0xF7BD, 0xF7BD, 0xF7BD, 0xF7BD, 0xF7BD, 0xF7BD, 0xF7BD,
    0xF7BD, 0xF7BD, 0xF7BD, 0xF7BD, 0xF7BD, 0xF7BD, 0xF7BD, 0xF7BD, 0xF7BD, 0xF7BD, 0xF7BD, 0xF7BD,
    0xF7BD, 0xF7BD, 0xF7BD, 0xF7BD, 0xF7BD, 0xF7BD, 0xF7BD, 0xF7BD, 0xF7BD, 0xF7BD,
};

const lv_img_dsc_t hanwool_logo = {
    .header.always_zero = 0,
    .header.w = 218,
    .header.h = 89,
    .data_size = sizeof(hanwool_logo_map),
    .header.cf = LV_IMG_CF_TRUE_COLOR,
    .data = (const uint8_t *)hanwool_logo_map,
};
